date,index,surprise,esc_tone,finbert_tone,risk_direction
2026-03-04,-0.010263469203267813,-0.058368732175749866,0.9293478260869564,0.2031015416748983,Increased
2026-03-13,-0.0764829101738027,0.4745092160150023,0.8365384615384616,0.2475629268178286,Increased
2026-03-27,0.6731461225132048,0.6819319002685064,0.6707482993197279,0.2385313195765626,Increased
2026-04-01,0.4438616634170905,0.3880826972234219,0.7881944444444445,0.1772687669435981,Increased
2026-04-02,0.17912406571297515,0.0656306880275605,0.9,0.2189506966088499,Increased
2026-04-08,0.8751364587876651,0.5319715371416908,0.3015238095238095,0.1825749145522713,Increased
2026-04-09,0.6908325973907942,0.17244798793575267,0.3092592592592592,0.167368699517101,Increased
2026-04-13,1.7024988672896075,1.096116851087403,0.16335642146348792,0.29490406949805525,Unclear
2026-04-15,0.3206587787337466,-0.3346857584173586,0.3363247863247863,0.049345630280769,Increased
2026-05-04,1.2736292323152727,1.0556708864592448,0.39510498070783634,0.18486126058054278,Increased
2026-05-05,0.8019022124842783,0.5049464478617258,0.4578431372549019,0.1160986486082787,Increased
2026-05-06,1.214787064052792,0.8025093118276054,0.3425641025641025,0.0663289863043106,Increased
2026-05-07,0.5110196096004798,0.09874185737529312,0.3720430107526881,0.1696148675175443,Increased
2026-05-12,1.1932882274279943,0.7039294809018684,0.4451977401129943,0.2004889915460499,Increased
2026-05-26,2.161417387381889,1.7269338768661393,-0.08493165459603816,0.10639874514664979,Unclear
2026-06-01,0.8282844093282401,0.25152581701333065,0.060587889476778366,0.2681366261971927,Unclear
2026-06-02,1.7186362686808065,1.0003668647676505,0.3456709956709956,0.2435123910280791,Increased
2026-06-08,0.08211804703856143,-0.6361513568745947,0.5290067582940349,0.19066573968521738,Increased
2026-06-12,1.60075033472692,1.4890141992321373,-0.3778962331201137,0.0193103483335962,Decreased
2026-06-15,0.8348944525177249,0.3500751358781028,-0.3628695885115459,-0.08014442594352193,Decreased
2026-07-08,0.9094585247576799,0.7428525451523618,0.5241192411924119,0.3980030312801037,Increased
2026-07-09,0.8903672635282056,0.6282907845077508,0.5416666666666667,0.3301968146419233,Increased
2026-07-13,0.9681986404294177,0.456296464884117,0.6945747864363137,0.3494817244255106,Increased
2026-07-14,0.19165304888962487,-0.6109676582953649,0.7314102564102564,0.3253663784484021,Increased
2026-07-16,0.338010660294121,-0.12703779402280718,0.8534136546184738,0.3964480766016676,Increased
2026-07-17,-0.2909680937829788,-0.5675848028260804,0.8461265103056148,0.5058425203827557,Increased
2026-08-03,1.5047400541108695,1.9536624287849718,0.14886702847805786,0.14584606053580376,Unclear
2026-08-07,0.14178323848426605,0.05413126096829424,0.1831715210355987,0.0948590078454428,Unclear
2026-08-10,0.6647663278970035,0.525648653215227,0.1506872499949747,0.14539032983079672,Unclear
2026-08-11,0.28394257922810934,0.14482490454633287,0.3939682539682539,0.2081615253395977,Increased
2026-08-17,0.7314709909502787,0.4585648390720668,0.4519842177908539,0.2711493529801577,Increased
2026-08-18,0.15438197868533987,-0.118524173192872,0.4043792517006803,0.2602646185467684,Increased
2026-08-20,0.8225500951429504,0.6144242435361232,0.6645569620253164,0.2561243167972263,Increased
2026-08-24,0.6416015280257469,0.4334756764189197,0.5085997285079854,0.1487221783764119,Increased
2026-08-25,0.991066757459241,0.7829409058524138,0.4338935574229692,0.1336803071380851,Increased
2026-08-31,1.0094133823491338,0.6492655648479961,0.7612780010070986,0.3623792999559567,Increased
2026-09-01,1.105695928338419,0.7455481108372812,0.8046875,0.389181365382683,Increased
2026-09-02,-0.12374259864271844,-0.7275001908140596,0.8159663865546218,0.3745810302960522,Increased
2026-09-03,0.38806943437598557,-0.2156881577953556,0.7731182795698924,0.2787608764314603,Increased
2026-09-04,0.49814988056603926,0.02115833521957866,0.8183908045977012,0.3959884376618369,Increased
2026-09-08,0.9012524519814454,0.36922068353995796,0.6845692459159163,0.34140969553601397,Increased
2026-09-11,-0.633914951121119,-1.0770246085921313,0.6750841750841751,0.131831609305333,Increased
2026-09-14,1.1617099400608233,1.0295465221941897,0.4425299037840292,0.29677304323000014,Increased
2026-09-15,2.0737651720320707,1.6306555145610582,0.76171875,0.3705838885471166,Increased
2026-09-17,0.7698144344544061,0.6376510165877726,0.6864779874213837,0.2375308701698229,Increased
