day,volume,share,wiki_ce,wiki_tl,novelty,esc_abs_chg,tone_disp,index,volume_idx,esc_mean,tone_mean,tday
2026-01-01,-0.21722776713335612,-2.373720763535571,-0.7646833864482446,-1.5280248024137741,-0.059362281505422027,-1.063284689179326,-0.5556527755297813,-0.9374223522493536,-0.8366453186651249,0.7407407407407407,0.3994261892167506,2026-01-02
2026-01-02,-0.8433094207529742,-3.0749843349286405,0.607623646080609,-1.5280248024137741,-5.6181015632401206,-0.9022260841719554,-1.9959531384601237,-1.9078536711267113,-0.5879035256953798,0.7222222222222222,0.2975066412085046,2026-01-02
2026-01-03,-0.643123093552383,-2.581723751738559,-0.7646833864482446,-1.5280248024137741,0.10539611393922024,-0.43869156244342455,-0.5064141231874144,-0.9081806579777971,-0.9786104274714672,0.6504065040650406,0.4152565271616345,2026-01-05
2026-01-04,-2.6216843780054178,-2.48346467142181,-0.7646833864482446,-1.5280248024137741,2.3730520369524846,-0.39476648835050493,0.5135601461349503,-0.7008587919360451,-1.638130855622479,0.7272727272727273,0.2349073218859055,2026-01-05
2026-01-05,-2.071583395037657,-2.6077335082929927,-0.7646833864482446,-1.5280248024137741,-0.8745184831030639,0.22152372803856363,0.6092794365557854,-1.0022486301001974,-1.4547638612998919,0.875,0.3132491699070669,2026-01-05
2026-01-06,-2.071583395037657,-2.181668924734652,-0.7646833864482446,-1.5280248024137741,-0.16741734073015926,0.7486246171535959,1.761386913071444,-0.6004809027342067,-1.4547638612998919,0.6666666666666666,0.3823948935023509,2026-01-06
2026-01-07,-2.2692608129666763,-2.667166430274863,-0.7646833864482446,-1.5280248024137741,-0.018876102518655343,-0.02790794270337161,3.3502697477526877,-0.5608071042246995,-1.5206563339428982,0.5476190476190477,0.1619484640125717,2026-01-07
2026-01-08,-2.071583395037657,-3.225719075436172,-0.7646833864482446,-1.5280248024137741,1.9955727314545808,-0.571480734603248,1.9868192831841247,-0.5970141970429129,-1.4547638612998919,0.6041666666666666,0.2956467467593029,2026-01-08
2026-01-09,-2.2692608129666763,-3.363702265926022,-0.7646833864482446,-1.5280248024137741,0.1255450870537584,-0.571480734603248,-0.9479612963421729,-1.3313668873780544,-1.5206563339428982,0.5476190476190477,0.4362945297865995,2026-01-09
2026-01-10,-1.22807591920988,-2.131369633620125,-0.7646833864482446,0.16860928681508383,1.5134486548968145,-0.02790794270337064,0.7620846266024974,-0.2439849019524607,-0.6080500062810136,0.6666666666666667,0.390487555081823,2026-01-12
2026-01-11,-0.18877009534080472,-1.4557278043250004,-0.7646833864482446,-1.5280248024137741,-0.3973624637189229,0.2491965247171037,0.6180034835706183,-0.49533836342271786,-0.8271594280676079,0.5157575757575757,0.2029726318507032,2026-01-12
2026-01-12,-0.24620762707889557,-2.031922943554001,-0.7646833864482446,-1.5280248024137741,-1.1597154553091873,-1.003413984415694,-0.09640915253678294,-0.9757681931080827,-0.8463052719803047,0.5226415094339623,0.1811262174281028,2026-01-12
2026-01-13,-0.16081612569072315,-2.0242102742891777,-0.7646833864482446,0.8503072019765336,-0.19201985134008204,-0.01774952934171949,0.40546324836876785,-0.2719583881092351,-0.025064103387478037,0.6428571428571429,0.3115493595167728,2026-01-13
2026-01-14,-0.2757291979041496,-2.0412988099964386,0.874795968416472,-1.5280248024137741,-0.34345563856751843,-0.019943506192018137,-0.9940890221736415,-0.6182492869758669,-0.3096526773004839,0.7628205128205128,0.3685185069110818,2026-01-14
2026-01-15,-0.7601661162630436,-2.5890931827623156,-0.7646833864482446,0.36187814953098163,0.7000003961480606,-0.6847643644555259,-0.10673318821482092,-0.5490802417807011,-0.38765711772676886,0.7192982456140351,0.2422117951424106,2026-01-15
2026-01-16,-1.2834976777906981,-2.7360545898447577,-0.7646833864482446,-1.5280248024137741,0.2079821902669793,0.03869523981847466,-0.017505686902510486,-0.8690126733306472,-1.1920686222175723,0.5925925925925926,0.1722215635495053,2026-01-16
2026-01-17,-2.378225260240591,-2.3692716861888314,-0.7646833864482446,-1.5280248024137741,1.3532142445550197,-0.1960460468319446,0.8749650641030459,-0.7154388390664742,-1.5569778163675367,0.6923076923076923,0.186353464037753,2026-01-20
2026-01-18,-2.4952682829512507,-2.4231055220843785,-0.7646833864482446,-1.5280248024137741,0.8512816250754378,0.16323853356911366,1.3032588488497747,-0.6990432837719031,-1.59599215727109,0.8333333333333334,0.2513796375909199,2026-01-20
2026-01-19,-2.6216843780054178,-2.974760073005556,-0.7646833864482446,-1.5280248024137741,0.456501446451879,1.440444534117075,-2.1423097212192372,-1.1620737686461824,-1.638130855622479,0.5454545454545454,0.3840062977238135,2026-01-20
2026-01-20,-2.071583395037657,-2.1227819497713036,-0.7646833864482446,-1.5280248024137741,0.32101628154276346,-0.3714647722158465,-1.2991572926467057,-1.1195256167129668,-1.4547638612998919,0.625,0.4461270419415086,2026-01-20
2026-01-21,-2.071583395037657,-2.181668924734652,-0.7646833864482446,-1.5280248024137741,0.16817251035359906,-0.04861547763288967,1.501447925843462,-0.703565078581451,-1.4547638612998919,0.7416666666666667,0.360150953172706,2026-01-21
2026-01-22,-2.2692608129666763,-3.0394042047928918,-0.7646833864482446,-1.5280248024137741,1.9954060609084325,-0.32816719918139753,-0.24463530519874208,-0.8826813785847561,-1.5206563339428982,0.6571428571428571,0.161037600200091,2026-01-22
2026-01-23,-2.4952682829512507,-2.9427190685544424,-0.7646833864482446,0.5653594629669102,0.5129057424319456,-0.9804545494612499,-1.9901397673485628,-1.1564285499092706,-0.8981974021441951,0.6666666666666666,0.273846728572001,2026-01-23
2026-01-24,-3.0760373762169952,-2.181668924734652,-0.7646833864482446,-1.5280248024137741,2.3552480024946973,1.8357702009533485,-0.5980773841905871,-0.5653533815080296,-1.789581855026338,1.0,0.4783551243599504,2026-01-26
2026-01-25,-2.071583395037657,-1.9275251380507292,-0.7646833864482446,0.17113940742163355,2.0457515660457544,1.1110064784201796,0.18384316141258836,-0.17886447231949648,-0.8883757913547562,0.75,0.2796196583658457,2026-01-26
2026-01-26,-1.3409352095287883,-1.6000262129375828,-0.7646833864482446,-1.5280248024137741,0.43670353556569524,0.776500144943333,0.16410221327299854,-0.5509091025066232,-1.2112144661302688,0.5384615384615384,0.216142008976581,2026-01-26
2026-01-27,-0.21722776713335612,-0.5697245836055942,0.6992935836086543,-1.5280248024137741,-0.06855964379708256,-0.6945017807906539,0.16501940703400916,-0.3162465124425425,-0.3486529953128253,0.5808641975308642,0.2775819016172102,2026-01-27
2026-01-28,0.4887675695045683,-0.14392408966516082,-0.7646833864482446,0.19781201942329307,-0.8961408334509812,-0.6035413221798537,-0.4480937375976784,-0.3099719686305797,-0.026034599173461088,0.6337254901960785,0.199572907026638,2026-01-28
2026-01-29,0.6292474979566667,-0.026987663503079375,-0.7646833864482446,-1.5280248024137741,-0.3958463557027265,-0.41148326524095685,-1.5818199530573023,-0.5827997040584881,-0.5544868969684508,0.5587813620071684,0.0922567182751272,2026-01-29
2026-01-30,0.22992996553828304,0.1082451944586327,-0.7646833864482446,0.2047425513559574,-1.0252975266854736,-0.32657145724238507,-0.6197283966306826,-0.31333757937913037,-0.11000362318466805,0.4740740740740741,0.0589814638693092,2026-01-30
2026-01-31,-0.18877009534080472,0.38359492210619445,-0.7646833864482446,0.5225622153763129,0.2869591238718346,-0.23690762857787084,1.5610132479607157,0.22339548556401964,-0.14363042213757882,0.5690909090909091,0.1534270883622494,2026-02-02
2026-02-01,0.022123785105944215,-0.05881020656020787,-0.7646833864482446,-1.5280248024137741,-1.542042935984039,1.7464140502271814,1.9641886489894125,-0.022976406726246852,-0.7568614679186915,0.246031746031746,0.0837279122529758,2026-02-02
2026-02-02,0.5780205839516761,0.11796478142700122,-0.7646833864482446,-1.5280248024137741,-0.35228998308713455,0.5836545888817604,0.562499018839932,-0.11469417126411194,-0.5715625349701142,0.0566666666666666,0.0567426170429421,2026-02-02
2026-02-03,0.726970915183429,0.34438523848148467,-0.7646833864482446,0.08899565494564493,-1.4223946551808055,-0.8855345560166452,-0.29575899232531083,-0.3154313973372068,0.01709439456027645,0.0771043771043771,0.1001729666528226,2026-02-03
2026-02-04,0.6123558069467988,0.30370781268900576,-0.7646833864482446,-1.5280248024137741,-1.2501202680630068,0.10833708783970787,-0.5984113661373862,-0.44526273079812845,-0.5601174606384066,-0.0576086956521739,0.0311726516760561,2026-02-04
2026-02-05,0.7736548475798063,0.882325181462092,-0.7646833864482446,0.5114504820666971,-0.48110791773285544,0.4621792107031463,0.3879361199961603,0.2531077910895431,0.17347398106608625,-0.2330065359477124,-0.0949477364181303,2026-02-05
2026-02-06,0.6624983693442593,0.8281319003345766,-0.7646833864482446,0.8614152121204646,-1.3663734253181243,-0.43443809747964923,0.7954867726070588,0.08314819216576305,0.25307673167215977,-0.1607017543859649,-0.1033150884763974,2026-02-06
2026-02-07,0.046610446987275504,0.6041379677621947,-0.7646833864482446,-1.5280248024137741,0.6454782692780926,0.7646933917913368,0.4701638127267793,0.03405367138338,-0.7486992472915811,0.0494791666666666,-0.0660702104360098,2026-02-09
2026-02-08,-0.1063501057498577,-0.001194654919932514,-0.7646833864482446,-1.5280248024137741,0.20471094746413743,-0.6688820168956511,-2.2127663274974805,-0.7253129066372576,-0.7996860982039588,0.0948275862068965,0.041006798839903,2026-02-09
2026-02-09,0.022123785105944215,-0.256080845328543,-0.7646833864482446,-1.5280248024137741,-0.48618004237862356,-0.7099871679488717,-0.7027981599508861,-0.6322329456232855,-0.7568614679186915,0.1354497354497354,0.0211900182304874,2026-02-09
2026-02-10,0.3546809491526843,-0.06079239296985032,-0.7646833864482446,0.5954097050020234,-0.32133858805470217,-0.7907239730130066,-0.46991651497284603,-0.20819488590056315,0.061802422568821014,0.1667887667887667,-0.023520463767151,2026-02-10
2026-02-11,0.16365346969793698,-0.4705439836121784,-0.7646833864482446,0.665316568880306,-1.2596320551194387,-0.7900468035318476,-0.5362760409908852,-0.42745889016062166,0.021428884043332763,0.1982056590752242,0.0355612931206174,2026-02-11
2026-02-12,-0.39966397578755575,-0.5399000627565099,-0.7646833864482446,0.29833066645346884,-0.7380576540322623,-0.9460170185458543,0.33819769749908535,-0.3931133905168389,-0.2886722319274438,0.1847222222222222,0.0443257579463534,2026-02-12
2026-02-13,-0.7601661162630436,-0.5141195447344209,-0.7646833864482446,0.6511680576772658,0.21199828687213615,-0.9151531564159685,-1.4784271484830696,-0.5099118582564779,-0.29122714834467417,0.2017543859649122,-0.0255185337492117,2026-02-13
2026-02-14,-0.49944608292691706,0.32115442279161005,-0.7646833864482446,0.33156397174122,0.36388244105154444,0.749387526335208,-2.6284312742700116,-0.30379605453222724,-0.31085516587798057,-0.0066666666666666,-0.0437512995468245,2026-02-17
2026-02-15,-2.071583395037657,1.3688692715848578,-0.7646833864482446,0.6817934204417042,-0.08852663326362616,0.32826165808435775,-3.3127906773019413,-0.5512371059915071,-0.7181577870147325,-0.1666666666666666,-0.1687322328798473,2026-02-17
2026-02-16,-0.9310741127519564,1.3895807443967223,-0.7646833864482446,-1.5280248024137741,0.4355155713676524,-1.0206515290303162,2.186504671873685,-0.03326183471517601,-1.0745941005379918,-0.1617647058823529,-0.1119926682782962,2026-02-17
2026-02-17,-0.7601661162630436,1.5791703801360917,-0.7646833864482446,0.6641090154886982,-1.3335297930490484,1.4498279090781,1.8693220389950436,0.38629286399108526,-0.2869134957408634,0.1271929824561403,-0.1375404108609808,2026-02-17
2026-02-18,-0.8011907099290383,1.1233625450832543,-0.7646833864482446,0.6991631108964987,1.4241663039558567,1.5130802362977553,-0.23025616982016628,0.42337741857655947,-0.2889036618269281,0.4234234234234234,0.0749651457913018,2026-02-18
2026-02-19,-0.39966397578755575,0.8362885421369318,-0.7646833864482446,0.5067129603415302,0.620001204253774,-0.7415483610007497,-1.0682716007456081,-0.1444520881785603,-0.21921146729809002,0.4604166666666667,0.2179901392276709,2026-02-19
2026-02-20,-1.122746359741409,0.5426494372521297,0.9258312963094701,0.6370697769910986,0.2501475750437304,0.08304993196063529,-1.181305300190782,0.019242336803553313,0.14671823785305327,0.5922222222222222,0.2701794238450626,2026-02-20
2026-02-21,-2.4952682829512507,-0.12235677086933537,-0.7646833864482446,0.611274536435787,2.0368806760488916,1.1883146088237178,0.5557851462453596,0.14427807532641784,-0.8828923776545695,0.3333333333333333,0.0762581458936135,2026-02-23
2026-02-22,-2.071583395037657,-0.5399000627565099,-0.7646833864482446,-1.5280248024137741,1.155146319566152,0.023860894620427172,0.5509585453295064,-0.4534608410200144,-1.4547638612998919,0.2083333333333333,0.1352453072322532,2026-02-23
2026-02-23,-1.4005407005013581,-0.8235880646424389,-0.7646833864482446,-1.5280248024137741,0.3733958836887922,0.3717474814363479,0.026909083128966838,-0.5349692151073872,-1.2310829631211258,0.3733333333333333,0.0916715320199728,2026-02-23
2026-02-24,-0.8433094207529742,-0.5217923179552802,-0.7646833864482446,0.7735949513615181,0.12266533599900373,-1.0085247634768197,0.5399781493416488,-0.24315306456159252,-0.2781326186132336,0.3796296296296296,0.1293591040755725,2026-02-24
2026-02-25,-0.02801877729151639,0.6998603278810934,-0.7646833864482446,0.6161733408155733,-0.6190836935834021,1.2023610314243607,1.6281700409373407,0.3906826976764579,-0.05884294097472923,0.1191256830601092,0.1317298049107194,2026-02-25
2026-02-26,0.3141823698310445,0.8159427614613932,-0.7646833864482446,0.5810961222269452,-0.7230230944519473,-0.15692356800626758,1.1548407948189214,0.1744902856331207,0.04353170186991501,0.0149122807017543,0.0957025198854113,2026-02-26
2026-02-27,1.041027620552013,0.6926753937133878,-0.7646833864482446,0.326778307384771,2.4129354588181897,5.645983649561544,-2.1913266396930466,1.023341486269802,0.20104084716284645,0.7863439590712318,0.2268570287399425,2026-02-27
2026-02-28,0.9339114567591694,0.519403008115416,-0.7646833864482446,1.5543316083311534,-0.3477912359439963,-0.09165861741434761,-2.6294068710322818,-0.11798486251901884,0.5745198928806927,0.8980615254951537,0.2130467095453523,2026-03-02
2026-03-01,0.8774998153165365,0.0716033731660918,-0.7646833864482446,1.51227317962022,0.8470120155706917,-0.8017345857405695,-1.9968063013210093,-0.0364051271194691,0.5416965361628373,0.9281345565749236,0.2469602006513181,2026-03-02
2026-03-02,0.9613792456899045,0.23069840143356135,-0.7646833864482446,1.4967255115113947,-1.1405286875161025,-0.9824534419434767,-2.104472198524375,-0.32904779368533404,0.5644737902510182,0.918840579710145,0.2234934418097786,2026-03-02
2026-03-03,0.988377476700035,-0.04688060614389354,-0.7646833864482446,1.4639557104666303,-0.8535727382035624,-0.765622531563696,-1.8201279694696457,-0.2569362920946253,0.5625499335728069,0.8846153846153846,0.2364004876735246,2026-03-03
2026-03-04,0.6123558069467988,-0.3400540033444008,1.5354250808679415,1.487596039404032,-0.7850316235194279,-0.6742392795921239,-1.424304549152171,0.05882106737294974,1.2117923090729241,0.9293478260869564,0.2031015416748983,2026-03-04
2026-03-05,0.6624983693442593,0.14477230366478183,-0.7646833864482446,1.2348594101644712,-0.9701905009846573,-0.6249436093955358,-1.015988075512943,-0.19052506988112405,0.37755813102016195,0.8789473684210526,0.1975061348100242,2026-03-05
2026-03-06,0.2935368725208543,0.4606491553029157,-0.7646833864482446,1.166827840540384,-0.2801623977027927,-0.9845524616367759,-1.3625402508796323,-0.21013208975761305,0.23189377553766458,0.8879999999999999,0.2821335729956626,2026-03-06
2026-03-07,-0.643123093552383,-0.26526593327119585,-0.7646833864482446,1.0240343997802763,0.589365989397518,-0.8918869073822145,-1.8506203028337023,-0.40031131918713514,-0.12792402674011707,0.8682926829268293,0.3402482941292408,2026-03-09
2026-03-08,-0.2757291979041496,-0.5769988569834192,-0.7646833864482446,1.1387725735864742,0.36681502275925343,-0.7540702979897516,-1.9219737306117108,-0.39826683908450683,0.032786663078026614,0.903846153846154,0.2022212600478759,2026-03-09
2026-03-09,0.47029533490086967,0.37936414061058,-0.7646833864482446,1.1084022381143543,-1.4985473828197033,-0.7619635078331186,-1.2290810804936294,-0.3280305205669846,0.27133806218899315,0.9384920634920636,0.1426445172900068,2026-03-09
2026-03-10,0.8040280539362508,0.5134372782390416,-0.7646833864482446,0.9524717350594952,-0.4823065697865876,-0.7480257439382481,-0.5819158171809803,-0.04385635001703898,0.3306054675158338,0.9022435897435896,0.2074805729879209,2026-03-10
2026-03-11,0.678864920514103,0.0841206811627838,-0.7646833864482446,1.1072306743899176,-1.2000273056215238,-0.9471366567220878,-0.7712050020599479,-0.2589765821121428,0.3404707361519253,0.8888888888888888,0.2981309629685711,2026-03-11
2026-03-12,0.27261791697185017,0.0019120660018470464,-0.7646833864482446,1.1635676980806384,0.07292765208596842,-0.9979906601222838,-0.5662993590680653,-0.1168497246426128,0.22383407620141468,0.8963963963963963,0.3026645317346462,2026-03-12
2026-03-13,-0.2757291979041496,0.11197875008775217,1.367464807258861,0.7771011735393432,-0.08065119509361157,-0.5426903728899093,-1.1278979778000222,0.032796569599751954,0.6229455942980182,0.8365384615384616,0.2475629268178286,2026-03-13
2026-03-14,-1.4624842497163568,-0.8861554755409964,-0.7646833864482446,1.061592952964728,0.9285497704342311,0.11213339928792888,-2.956352098429728,-0.5667712982069196,-0.3885248943999578,0.7013888888888888,0.1752055609831586,2026-03-16
2026-03-15,-0.720180232305206,-0.7339924523446888,-0.7646833864482446,0.9527340669506866,1.4284482754898302,-0.6869650640178734,-0.96808120782492,-0.21324571435720227,-0.17737651726758796,0.6581196581196581,0.2219886748263469,2026-03-16
2026-03-16,-0.05369996189787953,0.21741625146200005,-0.7646833864482446,1.1043687917648155,0.10868115098032295,-0.143392272117996,-0.1418229142071684,0.04669537993369285,0.09532848113956378,0.763888888888889,0.3342707864784946,2026-03-16
2026-03-17,0.25141816169691905,0.6613841889432382,-0.7646833864482446,1.0392656654400863,0.4675940187900185,-0.14161027490769398,0.8065413939259554,0.3314156810628969,0.17533348022958686,0.8698630136986302,0.2961305096771007,2026-03-17
2026-03-18,0.4326897951077467,0.3534153474374787,-0.7646833864482446,1.1973245421338334,-0.4192618230061472,-0.9046745193633461,0.3047484405816391,0.028508342348994273,0.2884436502644452,0.8516260162601625,0.2645287548941446,2026-03-18
2026-03-19,0.16365346969793698,0.10613754208735544,-0.7646833864482446,0.9718618740745397,0.25374674558935706,-1.0302360782896909,-0.8581358295456606,-0.1653793804049153,0.12361065244141067,0.8478260869565217,0.2695095282236951,2026-03-19
2026-03-20,0.022123785105944215,0.3949122626069628,-0.7646833864482446,1.059674281817929,0.7312580720795814,-0.730163475095758,-0.20836391759724854,0.07210823178130947,0.10570489349187621,0.8095238095238095,0.3718305259854311,2026-03-20
2026-03-21,-0.2757291979041496,0.32278533135579707,-0.7646833864482446,0.9733472953672625,0.4913200117787482,-0.7686005382592465,-0.2614814856848103,-0.04043456711352047,-0.02235509632837729,0.7756410256410257,0.4766707949591084,2026-03-23
2026-03-22,-0.18877009534080472,-0.0690986979245429,-0.7646833864482446,0.8307122037435792,0.6473790203551344,1.4725629344483155,1.1484628216828152,0.43950925721660744,-0.04091375934849003,0.484069264069264,0.2566900517283516,2026-03-23
2026-03-23,0.2935368725208543,0.3042568649874057,-0.7646833864482446,0.8731689932015069,-0.2144556303047575,-0.16866898013942297,0.39049806851886987,0.10195040033374451,0.1340074930913722,0.3812063492063491,0.1116415057952205,2026-03-23
2026-03-24,0.37454735014468593,0.8461297077897745,-0.7646833864482446,0.998817677186543,0.19530099669037415,-0.24348299241182517,-0.584323896814477,0.11747220801954723,0.2028938802943281,0.4754671488848704,0.173573322570588,2026-03-24
2026-03-25,0.2081453711326819,0.6978175524804714,-0.7646833864482446,0.8235444549900762,-0.0592441388859897,-0.983828891933273,-0.0026216762438228676,-0.011552959272585825,0.08900214655817114,0.4663313212608987,0.1921364362810699,2026-03-25
2026-03-26,0.117871769862128,0.4590438587779845,-0.7646833864482446,1.258802616899245,0.13377006049846157,-0.1195661002556,-0.403132424058178,0.0974437707536852,0.20399700010437613,0.5748400852878465,0.1993511014604079,2026-03-26
2026-03-27,-0.3677566672664643,1.1548507191955995,1.5149557693993756,0.9706191238377285,0.07648294481967526,-0.22915515850027482,-0.8281708726223995,0.32740369412332004,0.7059394086568799,0.6707482993197279,0.2385313195765626,2026-03-27
2026-03-28,-0.9310741127519564,1.0745483421531097,1.4796100701318162,1.1881632644284992,0.9630499127496731,-0.4081261260731123,-1.295083973510066,0.2958696253039947,0.5788997406027864,0.746078431372549,0.2627992842839483,2026-03-30
2026-03-29,-1.024004330383676,0.6041379677621947,1.452567900553593,0.9876233980352945,1.467485282202249,-0.4632229600820116,-1.278991451487363,0.2493708295143258,0.4720623227350704,0.6770833333333334,0.2282874415977858,2026-03-30
2026-03-30,0.7736548475798063,0.6596276172468879,-0.7646833864482446,0.8055488144706453,-0.3676319384506382,-0.9016339569476629,-1.6624524884235747,-0.20822435585325438,0.27150675853406897,0.6584967320261438,0.2223764494718874,2026-03-30
2026-03-31,0.7889144643984264,0.06670938808467858,-0.7646833864482446,1.0332950621174244,0.5314870710185863,-0.6966947004546673,-0.9648324410076979,-0.0008292203273563123,0.3525087133558687,0.7006472491909386,0.1396371350325282,2026-03-31
2026-04-01,0.678864920514103,-0.5126776813103666,1.557562925371903,0.9760540844990194,-0.4291481402516466,-0.3018723156280964,-0.30772572176762514,0.23729401020389856,1.0708273101283419,0.7881944444444445,0.1772687669435981,2026-04-01
2026-04-02,0.18605608722014058,-0.3708944446117016,1.5696872664318944,0.868515372401684,-0.18013391363258946,-0.09089336144732532,-1.0495792716136865,0.13325110496405945,0.874752908684573,0.9,0.2189506966088499,2026-04-02
2026-04-03,-0.8433094207529742,-0.5932702579601341,1.5482934989606525,1.0394697185734367,0.969935936581547,-0.0002978961306786045,-1.013802462419763,0.15814558812172658,0.5814845989270383,0.7777777777777778,0.2866976564077453,2026-04-03
2026-04-04,-1.4624842497163568,-1.1391017998153774,1.506366182435634,0.9338719739070748,2.3293427796280493,1.7149762471978205,0.48837110190198474,0.6244774622198327,0.32591796887545066,0.4583333333333333,0.2710400570261602,2026-04-06
2026-04-05,-0.21722776713335612,-0.5697245836055942,-0.7646833864482446,0.908895316143501,0.9511530612605935,0.4748249886410653,-1.3741535030907601,-0.08441655346182787,-0.024338612479366566,0.6351851851851852,0.1843042286388852,2026-04-06
2026-04-06,0.6950636066623376,-0.07575595704264196,-0.7646833864482446,1.1780702048610165,-0.37445729954859336,-0.42552582130993294,-0.7898113253071727,-0.07958571116189019,0.3694834750250365,0.5618556701030928,0.25301527895379,2026-04-06
2026-04-07,1.0017054718652703,0.5262244188282078,-0.7646833864482446,0.9461152381098578,-0.38400787094742056,1.3155490172225066,-0.4956782952081139,0.3064606562031519,0.39437910784229446,0.2883373688458434,0.163986794642662,2026-04-07
2026-04-08,1.091979073135824,0.6504143405349074,1.7265883545350111,1.0372184755799305,-0.7256751731056437,-0.9486000431866194,0.015581744056005528,0.4067866816499165,1.2852619677502553,0.3015238095238095,0.1825749145522713,2026-04-08
2026-04-09,0.5780205839516761,0.5426494372521297,1.5950595262465517,0.7398406504500505,0.6077913890932582,-0.9960082090305336,-0.726871545336743,0.3343545475180557,0.9709735868827595,0.3092592592592592,0.167368699517101,2026-04-09
2026-04-10,-0.13334833675998806,0.8774425075942719,1.195285254787666,0.419236904678653,0.499149186968924,0.6498702619780233,-0.4239221974321236,0.44053051168791807,0.49372460756877695,0.1122807017543859,0.1752058945498184,2026-04-10
2026-04-11,-0.02801877729151639,1.2615461851961094,1.438088497967472,0.675413794706324,1.1616235492656846,0.4407720023105585,0.1741780236052307,0.7319433251085519,0.6951611717940932,-0.060655737704918,0.3516292999819165,2026-04-13
2026-04-12,0.6950636066623376,1.0961682128953183,-0.7646833864482446,0.7660238956078669,-0.2961608998873633,0.8599788000427111,-0.08288384932681098,0.32478662564940214,0.2321347052739866,0.1604810996563573,0.305017705920354,2026-04-13
2026-04-13,0.4326897951077467,0.932606333632834,-0.7646833864482446,0.1449632532608227,-1.0409189473762224,0.935000241753715,0.07567131848239314,0.10218980120186351,-0.06234344602655841,0.3902439024390244,0.2280652025918953,2026-04-13
2026-04-14,0.27261791697185017,0.44687467544382425,-0.7646833864482446,0.43836206300171343,0.6735665581337512,-0.26274804219410686,0.013817629236270617,0.11682963059215117,-0.017901135491560343,0.2981981981981982,0.0862113548367208,2026-04-14
2026-04-15,0.3546809491526843,0.6075591341214015,1.5694041366205878,-0.060764833365984795,-0.5458979290410437,-0.7316914739219472,0.12883359887006873,0.1888747974908238,0.6211067508024292,0.3363247863247863,0.049345630280769,2026-04-15
2026-04-16,0.33456146618684895,0.7666433698245109,-0.7646833864482446,0.14223312111329814,0.5468465865722105,-0.3471956516083066,-0.748116063052501,-0.009958651058883383,-0.09596293304936583,0.2539888682745825,0.0375566404046756,2026-04-16
2026-04-17,0.1409285013113981,0.8592097380878557,-0.7646833864482446,0.19547058728095132,-0.2903405778178074,-0.7557406199930915,-0.15219585018528808,-0.10962165825203234,-0.14276143261863172,0.2186274509803921,0.1528936316368772,2026-04-17
2026-04-18,-0.43222921310563256,1.1322805244647227,-0.7646833864482446,0.326778307384771,0.13775288477077327,0.4709648230767464,0.04586807116755169,0.13096171590152683,-0.29004476405636875,0.3950354609929078,0.3683659434913003,2026-04-20
2026-04-19,-0.02801877729151639,0.6998603278810934,-0.7646833864482446,0.6119786343721191,0.6615261365177052,-0.5643320486260965,-0.5545877868732948,0.008820442790252212,-0.06024117645588064,0.3376658860265418,0.2815797257344009,2026-04-20
2026-04-20,0.47029533490086967,0.6749324003437976,-0.7646833864482446,-1.5280248024137741,0.12349058146670115,-0.25819238120625587,-1.4560832334068263,-0.3911807838233904,-0.607470951320383,0.2450963718820861,0.2353209267769541,2026-04-20
2026-04-21,0.4135458267216127,0.7514084883811688,-0.7646833864482446,0.10766830605805569,-0.5330210229892228,-0.3944623539976409,-0.12616470891199882,-0.07795840731232428,-0.0811564178895254,0.1681951793062904,0.2781155636120174,2026-04-21
2026-04-22,0.3546809491526843,0.7772415482198793,-0.7646833864482446,0.5188978847866479,0.06839463410213661,1.6217726747396473,0.8039430163138085,0.4828924744095085,0.03629848249702918,0.4769230769230769,0.2772391335561107,2026-04-22
2026-04-23,0.022123785105944215,0.522885266731037,-0.7646833864482446,0.55885837842726,-0.18243054345899978,-0.6186921443677708,0.07106492348804708,-0.05583910293181812,-0.061233740971680106,0.528042328042328,0.1616381696381029,2026-04-23
2026-04-24,-0.720180232305206,-0.10202187029041473,1.3658099185346437,0.46734473102398344,0.9564555401807947,0.8605691970076195,0.2899645596737748,0.44542026340359936,0.370991472417807,0.3068376068376068,0.130938512368653,2026-04-24
2026-04-25,-1.4624842497163568,-0.12235677086933537,-0.7646833864482446,0.58643881314393,0.9773240811973147,-0.7241324344041886,-0.19254543955737136,-0.24320562666489318,-0.5469096076735572,0.3458333333333334,0.2133997607355316,2026-04-27
2026-04-26,-0.465480084493226,0.6099417321215631,-0.7646833864482446,0.4216862760671086,1.5576125713962639,1.0747682922935227,-0.6368857662349292,0.2567085192431512,-0.269492398291454,0.0999999999999999,0.0368016805580776,2026-04-27
2026-04-27,-0.1063501057498577,0.43940646430176467,1.2898674892883102,-1.5280248024137741,-0.6581483717476528,-0.3635128191473005,0.013175968364713742,-0.13051231101482808,-0.11483580629177388,0.1804597701149425,0.0918075604492734,2026-04-27
2026-04-28,-0.07980564806689155,0.6705134136749719,1.1045189557422108,-1.5280248024137741,0.3783212977047177,0.8706611036888413,-0.0648042108015848,0.19305430136121307,-0.16777049824615164,0.4028248587570621,0.243790035009763,2026-04-28
2026-04-29,0.18605608722014058,0.8142059265256765,-0.7646833864482446,0.2785904413282152,-0.08613824661931356,0.6722875180490127,0.06213344139222616,0.16606454020681613,-0.10001228596662963,0.6023809523809524,0.2688292953052691,2026-04-29
2026-04-30,0.1409285013113981,0.7245123396602065,-0.7646833864482446,0.058945412910531694,0.38821148825688534,0.22484579246575964,0.12212055386141821,0.12784010028827925,-0.18826982407543827,0.7504901960784314,0.3045334556578275,2026-04-30
2026-05-01,-0.24620762707889557,0.49333882999243367,-0.7646833864482446,0.1503596117728725,-0.5127529165323973,0.17991434875076434,0.12143525378571683,-0.08265655510825003,-0.28684380058475595,0.6075471698113208,0.2584134519346199,2026-05-01
2026-05-02,-1.0726037973439477,0.8614381876941956,-0.7646833864482446,-1.5280248024137741,1.0822707807568213,0.9475266028445309,1.917438530091099,0.2061945878829543,-1.1217706620686556,0.3763440860215054,-0.0008256484363828,2026-05-04
2026-05-03,-0.8433094207529742,1.1079047141553748,-0.7646833864482446,0.07596165836259713,1.1447583601979383,-0.8100070442080572,2.61550668404114,0.3608759379068249,-0.510677049612874,0.3472222222222222,0.2102822135461287,2026-05-04
2026-05-04,-0.02801877729151639,0.6998603278810934,1.549354302387678,0.9220395632999187,0.2851577567111419,-0.06722962788374207,0.5826076922447575,0.5633958910499044,0.8144583627986934,0.4617486338797814,0.3451272166318825,2026-05-04
2026-05-05,0.1409285013113981,0.929148771886827,1.2356056499160757,0.4520414716921449,-0.532373237948038,-1.0293179419130654,1.4500041517982174,0.37800533810622283,0.609525207639873,0.4578431372549019,0.1160986486082787,2026-05-05
2026-05-06,0.07072325206621592,0.8243755521361231,1.5056684230465178,0.6105690000961342,-0.10097549535891893,-0.06068394142891763,0.932218040387762,0.5402706901349881,0.7289868917362893,0.3425641025641025,0.0663289863043106,2026-05-06
2026-05-07,-0.002748509314068452,0.5070568184782142,1.4583353331939188,0.8641372748282153,-0.6461628086649367,-0.8069017703596526,0.47209507106195525,0.2636873441748065,0.7732413662360219,0.3720430107526881,0.1696148675175443,2026-05-07
2026-05-08,-0.720180232305206,0.5533550296177211,1.5070623451199479,0.3283809084885821,-0.5330628016028838,0.26514906527352894,0.3259278469042599,0.24666173735656427,0.3717543404344413,0.5247863247863247,0.1857749046757817,2026-05-08
2026-05-09,-0.7601661162630436,1.004732679822788,-0.7646833864482446,0.09533271197418591,1.3963895125787174,-0.2450156874637413,0.5934440198512144,0.1885762477216966,-0.4765055969123675,0.4307017543859649,0.3289514166351996,2026-05-11
2026-05-10,-0.8011907099290383,1.574893922187083,1.459557113793064,0.1736511269882372,0.19930413283456058,1.350601199781074,0.22011711690554867,0.5967048432229328,0.27733917695075433,0.1531531531531531,0.3267421748841533,2026-05-11
2026-05-11,0.2081453711326819,0.8253802621361913,1.2841340246990562,0.28770336893503007,-0.6921027749267298,-0.6680994755681683,-0.009898945413133537,0.1764659758564183,0.5933275882555894,0.1985915492957746,0.2047990656418489,2026-05-11
2026-05-12,-0.07980564806689155,0.457004698327395,1.4114391570460174,0.5420492255051449,0.1956205652253313,1.0814899610976305,0.11495298711906327,0.5318215637505272,0.6245609114947569,0.4451977401129943,0.2004889915460499,2026-05-12
2026-05-13,-1.0726037973439477,-0.32496900489843816,1.173707231541129,0.27112290892646285,0.3566853694363603,1.049902833797646,-0.14160841075309674,0.18746244724373076,0.12407544770788137,0.6881720430107526,0.104008789324472,2026-05-13
2026-05-14,-1.0726037973439477,-0.2300564294910275,-0.7646833864482446,0.3760924980784829,1.726539338601899,1.1250341633724343,0.1701793284673964,0.19007167360528468,-0.48706489523790325,0.4365591397849462,0.1351121407482893,2026-05-14
2026-05-15,-1.5269567955555252,0.2628766234313315,-0.7646833864482446,-1.5280248024137741,0.6746441811188094,0.11178805029941587,-1.314288236577956,-0.5835206237351347,-1.2732216614725147,0.3014492753623188,0.2689178211047597,2026-05-15
2026-05-16,-2.1673313797938403,0.9960627609713099,-0.7646833864482446,0.13109151237821828,3.9760627568588656,1.7651845166718578,0.9480407880045792,0.6977753669489637,-0.9336410846212889,0.6266666666666667,0.1933099848528703,2026-05-18
2026-05-17,-0.6811817557282799,0.27912716363756307,0.9527911809177952,0.4067224950225285,1.3433702351885366,0.11808017854973812,-0.6466168350126147,0.253184666082181,0.2261106400706813,0.7625,0.2602551631396636,2026-05-18
2026-05-18,-0.05369996189787953,0.6853906687933531,1.375338933425147,0.29482444427564386,0.10239835733065471,0.19469805778895988,-0.8169176390748712,0.25457612294871546,0.5388211386009704,0.6178571428571428,0.193427093901361,2026-05-18
2026-05-19,-0.16081612569072315,1.2221913001959224,1.4198903382742623,-1.5280248024137741,0.1389530956596672,-0.634342894210717,-0.6245379008344921,-0.023812427002836416,-0.08965019661007838,0.5685374149659864,0.1486451896572751,2026-05-19
2026-05-20,-0.8011907099290383,0.7334036284935829,1.3734568587331053,0.19073955551468968,0.8378973712398207,0.6845831674294853,0.7566178294527537,0.5393582429906284,0.2543352347729189,0.3675675675675675,0.1017858198516675,2026-05-20
2026-05-21,-1.0726037973439477,0.31569087910158405,-0.7646833864482446,-1.5280248024137741,1.1276715829946677,1.619162525204115,0.39969573186186086,0.013844104708037328,-1.1217706620686556,0.0591397849462365,0.0256305138370202,2026-05-21
2026-05-22,-0.39966397578755575,0.6489670441931785,-0.7646833864482446,0.14223312111329814,1.4391549593132305,1.5407991590406542,-0.6667916015627686,0.27714504569454174,-0.34070474704083403,-0.2402777777777777,-0.1239289752362916,2026-05-22
2026-05-23,0.022123785105944215,1.0275675365161172,-0.7646833864482446,0.5513953286868375,0.582756842233029,0.9654785246099485,1.1576213113908147,0.506037134584921,-0.06372142421848763,-0.4735449735449735,-0.027877632735504,2026-05-26
2026-05-24,0.25141816169691905,0.8469401567258903,1.3240783213875873,0.2654143505575434,-0.49358427727054066,0.7643364986792652,1.1339969588140895,0.5846571672272506,0.61363694454735,-0.2634050880626223,0.0824543643513158,2026-05-26
2026-05-25,0.3546809491526843,0.6075591341214015,1.51698167895243,0.5234722552128913,0.035742939225022696,2.811453677613159,0.5362099806963762,0.9123000878534235,0.7983782944393352,0.1821123321123321,0.1397178300226537,2026-05-26
2026-05-26,0.2935368725208543,0.6273530251996683,-0.7646833864482446,0.2047425513559574,0.45165198383259914,-0.7762888743048731,0.2122516548673229,0.03550911814618348,-0.08880132085714432,0.2151111111111111,0.2313004189481337,2026-05-26
2026-05-27,0.046610446987275504,0.8852283929510661,-0.7646833864482446,0.21819983505921758,-0.549232302362971,0.8748715551072298,2.2781042177824635,0.4270141084394338,-0.1666243681339172,-0.0077380952380952,0.1638172339007724,2026-05-27
2026-05-28,0.09447344480185198,0.9811505005467681,-0.7646833864482446,0.6005370938300972,-0.17088821072613122,-0.0424973423128053,1.4152148602402617,0.3019009942759711,-0.023224282605431818,-0.125108225108225,0.0610315124645377,2026-05-28
2026-05-29,-0.07980564806689155,1.0694943463951907,-0.7646833864482446,-1.5280248024137741,-1.288388776855016,-0.9130035034812758,-0.4266327993118324,-0.5615777957402635,-0.79083794564297,-0.1078288942695722,0.0939153477517982,2026-05-29
2026-05-30,-1.122746359741409,0.6853906687933531,-0.7646833864482446,0.4253280664186656,0.4120480835583272,-0.492692658906724,-0.2610194270519772,-0.15976785905400126,-0.4873672265903293,-0.0422222222222222,0.1506752230847875,2026-06-01
2026-05-31,-0.8865822113172107,0.44532587029220394,-0.7646833864482446,0.17862042017695204,1.128406590078908,0.6292111657267021,-0.07802426054140202,0.09318202685255841,-0.4908817258628344,0.1523809523809524,0.3916814252468092,2026-06-01
2026-06-01,-0.21722776713335612,0.4368529950509869,1.607306632467198,0.46627384669882754,0.2836830839852405,-0.3607623930519367,0.5024891102917444,0.3883736440441007,0.6187842373442232,0.0716049382716049,0.2620532302599814,2026-06-01
2026-06-02,0.09447344480185198,0.44359046211026826,1.554603534717299,0.26923052107849493,1.3863575535112787,1.3203129425899311,0.09942924739151054,0.7382853866000907,0.6394358335325486,0.3456709956709956,0.2435123910280791,2026-06-02
2026-06-03,-0.13334833675998806,0.5646723701184895,1.475780907430033,0.014320859902791177,-0.056618383326353376,0.581197426842277,0.6166037613229284,0.43751551507573966,0.45225114352427864,0.5347535505430242,0.2403642450573674,2026-06-03
2026-06-04,-0.643123093552383,0.3067224205915413,1.0918550545537011,-1.5280248024137741,0.8719247198724241,-0.25192501505600395,0.9814225880794286,0.11840741029641917,-0.3597642804708186,0.4414634146341464,0.1903639229741401,2026-06-04
2026-06-05,-1.024004330383676,0.12040095697204474,1.4521517268084025,0.4216862760671086,0.3148945955730564,-0.671956471921326,-0.15158493435582873,0.06594111696568306,0.28327789083061167,0.4864583333333333,0.2051645566243678,2026-06-05
2026-06-06,-0.9310741127519564,0.41517819792229227,1.4290131495872427,-1.5280248024137741,1.066565088842227,-0.4594925585689737,-1.5022324027840321,-0.2157239200238535,-0.34336192185949593,0.5558823529411764,0.1633588624022462,2026-06-08
2026-06-07,0.046610446987275504,0.5383129947749276,1.5357416500539376,0.9789829494151536,0.18536050584834732,-0.7086300881897507,-1.9104869217391962,0.0951273624500992,0.8537783488187888,0.5151041666666667,0.1648293233738513,2026-06-08
2026-06-08,0.37454735014468593,0.6193728492055368,1.481128341331921,-1.5280248024137741,-0.5849935287656219,-1.0551999039833475,-0.5063124641340144,-0.17135459408780207,0.10921696302094423,0.5160337552742615,0.2438090332795547,2026-06-08
2026-06-09,0.5605689361714236,0.4855529446356401,-0.7646833864482446,0.5939306452760807,-0.5570649380061709,-0.44935089794081345,0.08037895843476107,-0.007238248268189075,0.1299387316664199,0.5866238630283575,0.3183075455488281,2026-06-09
2026-06-10,0.6292474979566667,0.39894046854791454,-0.7646833864482446,0.8197113421885576,-1.100886946923477,-0.14246111527227465,0.24419409008826745,0.012008850019630011,0.22809181789899322,0.480747567844342,0.2720472165834038,2026-06-10
2026-06-11,0.5780205839516761,0.5893647493928937,-0.7646833864482446,0.592445223983358,-0.05163995989593574,3.4528579716715933,0.8800730959718721,0.7537768969467447,0.13526080716226316,-0.0385185185185185,0.106403899534295,2026-06-11
2026-06-12,0.117871769862128,0.6462689979264991,1.3281746012790188,0.5306675137603523,-0.141972500435994,1.8883391801740912,0.47434073081183636,0.6919557561968475,0.6589046283004997,-0.3778962331201137,0.0193103483335962,2026-06-12
2026-06-13,0.046610446987275504,1.0374857065950374,1.0217496706427565,0.8721770540280226,0.6706139372518809,-1.0541768508217995,0.14233995234614047,0.39097141671847335,0.6468457238860181,-0.3789434523809524,-0.1328473074245266,2026-06-15
2026-06-14,1.104464182061267,0.7633714489776187,1.360790544101412,0.11663919791614916,-0.621606399172587,-0.8824532643607826,-0.08910964916589048,0.25029943719388387,0.8606313080262761,-0.3997354497354497,-0.0929968980998392,2026-06-15
2026-06-15,1.1413380294371682,0.7128266457649127,1.3568285146660357,0.7704975322303725,-1.5368591581288042,-0.2822307166568701,-0.23318647798798914,0.27560205276068933,1.089554692111192,-0.3099298634182355,-0.0145890723062,2026-06-15
2026-06-16,0.9059574871090865,0.653859769885739,1.3212097756270627,-1.5280248024137741,-0.13541314708493987,-1.0022683951820999,-0.7180835550674669,-0.07182326673234177,0.23304748677412493,-0.316945516945517,0.0442625462572585,2026-06-16
2026-06-17,0.988377476700035,0.7385848831374923,-0.7646833864482446,0.7655733281360682,-0.8884066195468598,-0.9331462749283452,-0.021259203811515772,-0.01642282810876714,0.3297558061292862,-0.3319088319088319,-0.0355993673746657,2026-06-17
2026-06-18,0.9339114567591694,0.5562047196718718,-0.7646833864482446,0.7029672711961644,-2.1650912162763536,-0.5046589556469044,0.26823868515874594,-0.13901591794079302,0.2907317805023631,-0.2676780446691951,0.0283091514972986,2026-06-18
2026-06-19,0.022123785105944215,0.657593692124799,-0.7646833864482446,0.018267873356979974,-0.3570555727897754,0.3102365910171794,-0.3775733337595674,-0.07015576448466926,-0.24143057599510678,-0.109750566893424,0.1678480808992707,2026-06-22
2026-06-20,-1.4005407005013581,0.6853906687933531,-0.7646833864482446,0.8150547334197066,1.0354940750933932,0.06951607877455741,0.9704891124921436,0.20153151166050728,-0.45005645117663207,-0.24,0.0290417478978633,2026-06-22
2026-06-21,0.8189983845457423,1.0916541739491432,-0.7646833864482446,0.43952293776918766,-0.5707223761195352,-0.3047972669037984,1.4293375536830668,0.30561571721079456,0.1646126452888951,-0.3272108843537414,0.0042538009140463,2026-06-22
2026-06-22,1.041027620552013,1.0015051917831868,-0.7646833864482446,-1.5280248024137741,-1.6070180373718075,1.1291225154718603,0.9447408992766658,0.030952857264271327,-0.4172268561033352,-0.0751279024006296,0.0674855358406039,2026-06-22
2026-06-23,0.6292474979566667,0.5292441737682579,-0.7646833864482446,-1.5280248024137741,-0.1754976741628929,0.8713102749798186,-0.27526527392175754,-0.10195274146313224,-0.5544868969684508,0.1473118279569892,0.1673094433562089,2026-06-23
2026-06-24,-0.07980564806689155,0.2601330257341754,-0.7646833864482446,0.12824902787011133,0.5119566587224141,0.2646694863008027,0.27975295573373143,0.08575315997801414,-0.23874666888167492,0.3,0.15782176501165,2026-06-24
2026-06-25,0.046610446987275504,0.4741336461123423,-0.7646833864482446,-1.5280248024137741,0.6466713739711323,0.6308505122419559,1.259016268708864,0.10922486559422159,-0.7486992472915811,0.4947916666666667,0.3061523890210083,2026-06-25
2026-06-26,-0.3058131180514655,0.4543283002359973,1.3346773243376886,0.5057576072616479,-0.29408047724642183,-0.6314463045033135,0.2264346117714978,0.18426542054366152,0.5115406045159571,0.5444444444444444,0.4826828183277565,2026-06-26
2026-06-27,-0.720180232305206,0.896647691474364,-0.7646833864482446,0.42893185478631907,1.512286315859389,0.4078352282066805,0.8993574610101134,0.3800278475119165,-0.3519772546557105,0.3752950752950753,0.480923055169674,2026-06-29
2026-06-28,-0.5696513321720985,0.9656295764314283,1.4959083192583633,0.5637456286370532,-0.5048880446648487,0.6022251029137629,1.1477407520667673,0.5286728574957754,0.4966675385744394,0.1837947582133628,0.2800142136077548,2026-06-29
2026-06-29,-1.0726037973439477,-0.026987663503079375,-0.7646833864482446,-1.5280248024137741,0.3476875255887102,1.0495570368076248,-0.33936642987370547,-0.33348878816948807,-1.1217706620686556,-0.0591397849462365,0.0832173769332228,2026-06-29
2026-06-30,-0.9768558125877647,0.05161960075032001,1.389223234296146,-1.5280248024137741,1.816484751914781,-0.9187570260348817,-0.8998011547773221,-0.15230160126464223,-0.3718857935684643,-0.0757575757575757,-0.0073109119848319,2026-06-30
2026-07-01,-0.643123093552383,0.21593061839110683,1.4128640915494002,0.12824902787011133,0.4453271414193338,0.4440952924971973,0.403277722337104,0.3438029715016958,0.2993300086223762,0.0975609756097561,0.0227095473830292,2026-07-01
2026-07-02,-1.22807591920988,-0.04588364048706926,0.8471864073636249,-1.5280248024137741,0.17804008046846762,0.5213467947564342,1.8355128140602717,0.08287167636258218,-0.6363047714200097,0.2797619047619047,0.1469763288540499,2026-07-02
2026-07-03,-2.2692608129666763,0.07385718208516333,1.0856672556037017,-1.5280248024137741,2.1466471631139674,1.369850665039169,-2.0813996798060495,-0.17180900419207118,-0.9038727865922495,0.5595238095238095,0.2421003683204097,2026-07-06
2026-07-04,-2.6216843780054178,-1.110294023995239,1.0121739085561734,-1.5280248024137741,1.7491164925151388,1.167481573682505,-1.4536182366406494,-0.39783563804303756,-1.0458450906210062,0.303030303030303,0.0837986288084225,2026-07-06
2026-07-05,-2.6216843780054178,-1.6912508363680194,-0.7646833864482446,-1.5280248024137741,1.9807618781444816,3.417072868298443,0.07221087564240944,-0.16222825445001746,-1.638130855622479,-0.2121212121212121,0.0468699549409476,2026-07-06
2026-07-06,-0.465480084493226,0.18322233619094974,-0.7646833864482446,-1.5280248024137741,2.8877854915173335,6.66160801510108,-0.2543935946596658,0.9600048535420646,-0.9193960911184149,0.6760869565217391,0.4964943692978957,2026-07-06
2026-07-07,0.8917927459352328,0.45576347022703667,-0.7646833864482446,0.8216332164756593,0.3834267926064015,0.0016882811326535377,-0.7575549007682802,0.14743803130863697,0.3162475253208825,0.5536363636363636,0.4550198117101734,2026-07-07
2026-07-08,1.0667088051583762,0.5325072971163057,1.5642622177039431,1.0861466346581024,0.0364023578897079,-0.806569414687977,-0.5375301886577588,0.42027538702581424,1.2390392191734738,0.5241192411924119,0.3980030312801037,2026-07-08
2026-07-09,0.6123558069467988,0.9046196545944021,1.3259757680393065,0.9648441596774885,-0.05948042412485635,-0.9106718402881948,0.05176400508433161,0.41277244713275374,0.9677252448878645,0.5416666666666667,0.3301968146419233,2026-07-09
2026-07-10,-0.07980564806689155,0.7457498181307846,-0.7646833864482446,-1.5280248024137741,-0.07691773663152471,0.15898633441474694,0.048124284845913017,-0.21379587659557012,-0.79083794564297,0.4011299435028249,0.2561035798389022,2026-07-10
2026-07-11,-0.3058131180514655,0.5344927954497738,-0.7646833864482446,0.20928682636863555,-0.12194554234370768,0.6492676761283602,0.2017006128534074,0.05747226627953702,-0.28706989271035815,0.5980392156862745,0.3297113579533556,2026-07-13
2026-07-12,0.6123558069467988,0.7045958526734445,1.4432779280232937,0.19781201942329307,-0.013690326690071903,-0.03651401540425758,0.19568610115790175,0.4433604808757718,0.7511485847977952,0.7160973084886129,0.3733639992854517,2026-07-13
2026-07-13,1.0149219343830012,0.8297749648703028,1.6725547808023382,0.8243059986683268,-0.915043716560906,-0.5980687706376147,-0.44506216957025746,0.3404832888507415,1.170594237951222,0.7695878351340536,0.3453698160377245,2026-07-13
2026-07-14,0.8040280539362508,0.39731291059197427,1.3349835377105879,0.6435495152520546,-1.4080023981352874,-0.7312480003013774,-0.07339831058398968,0.13817504406717326,0.9275203689662977,0.7314102564102564,0.3253663784484021,2026-07-14
2026-07-15,0.5250762502777948,0.4165180944720663,1.4966288002589123,-1.5280248024137741,-0.35282501055525045,-0.4800773824795579,0.5587194095362323,0.0908593370137748,0.16456008270764433,0.7984674329501916,0.3306166988679732,2026-07-15
2026-07-16,0.45160448889750904,0.56112183192217,1.1894158194773852,0.5764499546002282,-1.1761964522122426,-0.5854083513140834,0.35287178950562564,0.1956941544109417,0.7391567543250407,0.8534136546184738,0.3964480766016676,2026-07-16
2026-07-17,0.117871769862128,0.5199484221154531,1.578336094446091,0.09845816242860053,-1.1975172554945335,-0.9999071951134364,-0.47766858882377194,-0.05149694151135271,0.5982220089122732,0.8461265103056148,0.5058425203827557,2026-07-17
2026-07-18,0.09447344480185198,0.9811505005467681,-0.7646833864482446,0.4418330461694419,-0.8523025758990397,-0.2709475317676051,-1.0598475354613424,-0.2043320054368814,-0.07612563182565026,0.9372294372294372,0.5332960327946101,2026-07-20
2026-07-19,0.6624983693442593,0.9276578966385488,-0.7646833864482446,0.3788664882384033,-1.6726573316348292,-0.5136730252509611,-0.10135370539532239,-0.154763527786878,0.092227157044806,0.8740350877192983,0.4502536655452691,2026-07-20
2026-07-20,1.0793944802221707,0.37786462311846347,-0.7646833864482446,0.5669657910634543,-0.824660122133067,-0.7864470961478963,-0.5608496926290165,-0.13034505756487658,0.29389229494579344,0.8422043010752689,0.2792361440482519,2026-07-20
2026-07-21,1.116851367555837,0.49820090186081134,-0.7646833864482446,0.6530467200694594,-1.1438748438596387,-1.0536935817513415,-0.6103722387851005,-0.18636072305117393,0.3350715670590172,0.8433070866141732,0.2510554957034902,2026-07-21
2026-07-22,1.1773705745239966,0.568025656192791,-0.7646833864482446,0.42046376180596773,-1.511640999187986,-0.6031781847241243,0.2038018669454227,-0.07283438727031098,0.2777169832939066,0.7904040404040403,0.2888096143830229,2026-07-22
2026-07-23,1.0539204109599265,0.11860353477112863,-0.7646833864482446,0.550556057512815,-1.8473248948334318,-0.6762399789343413,0.2689061881937339,-0.1851802955397734,0.27993102734149894,0.7459016393442623,0.2998658248803532,2026-07-23
2026-07-24,1.1291421537428834,0.29087454209989916,1.6158143334953508,-1.5280248024137741,-1.4253423914077892,-0.6912492127560494,0.14959741223170986,-0.06559828071539567,0.4056438949414866,0.703125,0.2542165369741269,2026-07-24
2026-07-25,1.2125993523120207,0.6209830399271907,-0.7646833864482446,0.5983489560891181,-0.6324241075326416,0.03332308766460919,-0.6875411302092028,0.054372258828978545,0.34875497398429806,0.5770370370370371,0.2989211249682638,2026-07-27
2026-07-26,1.1534404492271486,0.5533550296177211,1.2689289817380844,-1.5280248024137741,-0.46674745178926824,0.13810631168884288,0.20660154640498807,0.18938000921053463,0.29811487618381965,0.4389010989010989,0.2230210602713319,2026-07-27
2026-07-27,1.1534404492271486,0.2504497397442126,-0.7646833864482446,-1.5280248024137741,-0.658555493059068,-0.08811908272920357,0.4569005039823606,-0.16837029595665262,-0.37975591321162333,0.551025641025641,0.1736411185648579,2026-07-27
2026-07-28,1.1892010272517446,0.30463673256594986,0.9316483561422539,-1.5280248024137741,-1.490535823958155,-0.14472526728147583,0.06018494790459262,-0.09680211854126626,0.1976081936600748,0.656641604010025,0.2095323435303972,2026-07-28
2026-07-29,1.1291421537428834,0.013209232990136677,-0.7646833864482446,0.5871953521499614,-0.1538340972579914,0.3420689519337447,-0.3377321815172476,0.11648086079903466,0.31721803981486674,0.8182291666666667,0.2374565503632766,2026-07-29
2026-07-30,1.0017054718652703,-0.17088779591962,1.458946836837578,-1.5280248024137741,-1.0046980218374393,-1.0619795002722212,-0.15756765709977613,-0.20892935269142607,0.3108758354296914,0.8180790960451977,0.1981133359555407,2026-07-30
2026-07-31,0.8774998153165365,-0.30528667359275424,-0.7646833864482446,-1.5280248024137741,-0.2602645843150589,0.09931250591508627,0.24130795763918725,-0.23430559541414597,-0.4717361245151608,0.6844036697247706,0.2628149544914176,2026-07-31
2026-08-01,1.091979073135824,0.7931748640387662,-0.7646833864482446,0.36332620162367363,0.8839641560730114,2.2703290301150023,-0.05852654025814364,0.6542233426114128,0.23020729610375104,0.3011047619047619,0.2151237912178039,2026-08-03
2026-08-02,1.1291421537428834,0.7763291222653113,-0.7646833864482446,0.6311322109477018,-0.6003725374328703,0.40944037189180493,-0.08070688176199092,0.21432586474351364,0.3318636594141135,0.1317708333333333,0.1629339749124483,2026-08-03
2026-08-03,1.0149219343830012,0.3657254371049815,0.8502135264716497,0.4253280664186656,-0.40708407385287265,-0.036624901340980794,1.148204296564337,0.48009775510696884,0.7634878424244388,0.0137254901960784,0.0594804154771591,2026-08-03
2026-08-04,0.9059574871090865,0.09387100528652245,1.2029390662768322,-1.5280248024137741,-0.8582192226600013,-0.9950277377953252,1.7253692396268125,0.07812357649002188,0.19362391699071493,0.0058773058773058,-0.0416934767838668,2026-08-04
2026-08-05,0.9339114567591694,0.05436319844747611,1.0618369103590886,-1.5280248024137741,-0.2717917258106596,-0.1233940628702794,2.2736319192652585,0.34293327053375416,0.15590785490149459,-0.1021913190054783,0.0304612196503882,2026-08-05
2026-08-06,0.988377476700035,-0.2849177493345459,-0.7646833864482446,0.018267873356979974,-0.1577952901552415,0.8042307936028238,0.7275747998027584,0.19015064536065213,0.08065398786959009,0.1125356125356125,0.1797773131272859,2026-08-06
2026-08-07,0.7889144643984264,-0.516133647704896,1.2492948817848166,0.5198176188006602,-0.9771257318660416,-0.44895256131177863,0.2142170786312905,0.11857601467606825,0.8526756549946345,0.1831715210355987,0.0948590078454428,2026-08-07
2026-08-08,0.9613792456899045,-0.231743112306844,1.1210361579831138,0.7125612191823807,-0.30420263652565804,-0.522514713267271,0.5322566550445724,0.3241104022571712,0.9316588742851329,0.1209937888198757,0.1427606723635741,2026-08-10
2026-08-09,0.7889144643984264,-0.7104146596347543,1.111616738052681,-1.5280248024137741,-0.5611287864185409,-0.11552467850730806,0.4319306720311792,-0.08323300749887012,0.12416880001244442,0.0120203421174294,0.116295305035502,2026-08-10
2026-08-10,0.711097836304531,-0.8544948579778707,1.173707231541129,-1.5280248024137741,0.021772337958454624,1.606982096586429,0.42147473224070997,0.22178779631994414,0.11892675514396196,0.319047619047619,0.1771150120933141,2026-08-10
2026-08-11,0.8189983845457423,-0.6584040021065685,1.182421880187406,0.25568525879415827,-0.8874213978689581,-0.4116875900637918,0.9215237847985782,0.17444518832665232,0.7523685078424355,0.3939682539682539,0.2081615253395977,2026-08-11
2026-08-12,0.7736548475798063,-0.7017789379675017,-0.7646833864482446,0.09533271197418591,-0.3020538949917123,-1.0560573534588276,1.088314732139221,-0.123895897310439,0.03476805770191586,0.3931372549019608,0.1476738153335949,2026-08-12
2026-08-13,0.8917927459352328,-0.2659220109813857,-0.7646833864482446,0.11367471689748374,-0.11251149615561033,0.1560236910823577,1.1420190339180711,0.16577047060684352,0.08026135879482398,0.5333333333333333,0.2390535733747211,2026-08-13
2026-08-14,0.9339114567591694,-0.14782802314728002,-0.7646833864482446,0.2894974504665023,-1.04241335358272,-0.8144277649820965,0.3740479669887638,-0.16741366484941508,0.15290850692580904,0.5619469026548672,0.2594779863195345,2026-08-14
2026-08-15,0.6624983693442593,-0.9907503794242479,-0.7646833864482446,-1.5280248024137741,-0.5311751652885704,-0.8055699167849509,0.4528080755628329,-0.5006996007789565,-0.5434032731725865,0.5915789473684211,0.2567558382392714,2026-08-17
2026-08-16,0.9613792456899045,-0.09704274854372405,-0.7646833864482446,0.26923052107849493,0.5447264105678222,0.12069349788924319,0.1280398790782246,0.1660490599016744,0.1553087934400516,0.4554451345755693,0.2749719857197741,2026-08-17
2026-08-17,1.028028715449644,0.04131438013173434,1.1283671864602582,0.5894550761430728,-1.185287825486944,0.21099398745088518,0.6394076392198981,0.35032559419550696,0.9152836593509917,0.3089285714285714,0.2817202349814275,2026-08-17
2026-08-18,0.9199963178069849,-0.21440776114428617,1.2113255288543574,0.6277889136075011,-1.4637456593751235,-0.23313440495128285,0.016868645128899396,0.1235273685610072,0.919703586756281,0.4043792517006803,0.2602646185467684,2026-08-18
2026-08-19,0.33456146618684895,-1.6562534380323095,1.182926814677248,0.17614471123737122,0.6664546789366622,-0.15635516829702822,0.1415351617685787,0.09843060378248163,0.5645443307004895,0.5086580086580086,0.2467426661184275,2026-08-19
2026-08-20,0.37454735014468593,-1.6680866891442243,1.0495743753969544,0.7865636810222987,0.8193830836439497,0.29259418019885286,1.0482642726509412,0.3861200362733512,0.7368951355213129,0.6645569620253164,0.2561243167972263,2026-08-20
2026-08-21,0.6950636066623376,-0.9584139751446898,-0.7646833864482446,-1.5280248024137741,-0.4408286404206158,-0.9761957637312579,1.0727009204117421,-0.41434029158350033,-0.5325481940665604,0.6745704467353952,0.2455603243379863,2026-08-21
2026-08-22,0.8917927459352328,-0.15560066353551225,-0.7646833864482446,0.05543919073270705,-0.477059468681949,0.4997868082381314,0.70140721561603,0.10729749169377077,0.06084951673989841,0.4948484848484848,0.1271861500953408,2026-08-24
2026-08-23,0.5952814995229756,-1.0138506005973869,1.0898064073487985,-1.5280248024137741,0.46862515880630623,-0.805439677322671,1.1611110498116726,-0.0046415664062969975,0.05235436815266666,0.4652014652014652,0.1484719064536985,2026-08-24
2026-08-24,0.8774998153165365,-0.45944529244206495,1.0343400036160981,0.6271163526974817,-0.8936662471574454,-0.1888041738776865,1.2080053627223237,0.3150065458393205,0.8463187238767054,0.5657492354740061,0.1705084785801965,2026-08-24
2026-08-25,1.0149219343830012,-0.13338654928985458,1.222602689541326,0.7961866877232163,-0.9888341991716759,0.08348585555752848,1.1714577597401807,0.4523477397833889,1.0112371038825143,0.4338935574229692,0.1336803071380851,2026-08-25
2026-08-26,1.0539204109599265,-0.020882809400558977,-0.7646833864482446,0.022170286834590873,-0.48115151565962505,-0.8160323290083463,0.8919930989326018,-0.016380891969950833,0.10380243711542425,0.4054644808743169,0.1564604414581153,2026-08-26
2026-08-27,1.1291421537428834,0.38081766063361344,-0.7646833864482446,0.0373533875408532,0.3341260611098986,0.8936144909492939,-0.013543941729849279,0.28526091797120695,0.133937384945164,0.63046875,0.1499933871964458,2026-08-27
2026-08-28,1.116851367555837,0.16662342374826677,-0.7646833864482446,-1.5280248024137741,-1.0347567410179295,-0.07506293335426525,-0.47741019412460534,-0.3709233237221022,-0.39195227376872727,0.7440944881889764,0.1434038024777033,2026-08-28
2026-08-29,0.8774998153165365,-0.8619242811135105,0.8663447871882269,-1.5280248024137741,0.40118220113680675,-0.5893584292378221,0.26580726791251746,-0.08121049160157415,0.07193993336366315,0.6896024464831805,0.3675128499370649,2026-08-31
2026-08-30,1.0017054718652703,-0.2980471954113531,1.082174416314257,0.6524216340741111,0.16513887377805656,0.5798586904713658,-0.1265814581258039,0.4366672047094148,0.9121005074178795,0.8785310734463277,0.4016606257675941,2026-08-31
2026-08-31,1.247059440552439,0.18322233619094974,1.2696885900235906,0.5446233486131338,-0.7933747526627137,0.3528797685122349,0.41280751166846646,0.45955803469972867,1.0204571263963877,0.7157004830917875,0.3179644241632111,2026-08-31
2026-09-01,1.1291421537428834,0.14798245320130748,1.3510774367799157,0.9792259039929877,-0.0334254077844145,-0.2893499496011084,0.19712955711661986,0.49739744963545585,1.1531484981719289,0.8046875,0.389181365382683,2026-09-01
2026-09-02,1.0149219343830012,-0.05273627792343181,0.8134384795755674,0.8079499359721576,-1.2395179508243144,-0.9651903555150416,-0.2793024677202536,0.014223328278240624,0.8787701166435754,0.8159663865546218,0.3745810302960522,2026-09-02
2026-09-03,1.0793944802221707,-0.2541778574951206,1.234755864558256,0.4901012191483803,-0.435037126830334,-0.6906276469183026,0.08316319814639138,0.21536744726163445,0.9347505213096023,0.7731182795698924,0.2787608764314603,2026-09-03
2026-09-04,1.3246575479881757,0.45324009441861535,0.8897051992090006,0.27112290892646285,-1.0681961016935386,-0.6695420839677573,0.6094188694919869,0.2586294906247065,0.8284952187078799,0.8183908045977012,0.3959884376618369,2026-09-04
2026-09-05,1.1413380294371682,0.07576326048529274,0.9350859402915761,0.6622897316426127,-0.40118658966445914,-0.21115938653567715,-0.30831088699923637,0.270545728379611,0.9129045671237858,0.7204134366925065,0.3954964818418488,2026-09-08
2026-09-06,1.2125993523120207,0.49676832711387914,-0.7646833864482446,0.1449632532608227,-0.872491362919332,-0.12340160507429727,0.5825690867880727,0.09661766643327445,0.19762640637486625,0.6123456790123457,0.2893946644953555,2026-09-08
2026-09-07,1.1534404492271486,0.16640665353653405,0.8561788736842008,0.47579432479344236,-0.03277117867371289,-0.5930761567142174,0.8933796137742193,0.4170503685182307,0.8284712159015973,0.6664102564102564,0.3746473985795791,2026-09-08
2026-09-08,1.116851367555837,0.1386077865601484,-0.7646833864482446,0.38161837465623527,-0.8084099323008206,-0.43102382043912496,0.4546419903810927,0.012514625709303315,0.24459545192127585,0.7391076115485564,0.3061002372272723,2026-09-08
2026-09-09,0.9613792456899045,0.04623725622341528,-0.7646833864482446,0.8829347687949917,-1.0184087010194636,-0.947123996149155,0.48684118148945116,-0.05040337591701436,0.35987687601221713,0.7524637681159421,0.2110620466182413,2026-09-09
2026-09-10,0.833828146595279,-0.39730157244682784,-0.7646833864482446,-1.5280248024137741,-1.3402605245992765,-0.5905889139842716,0.22720830236377032,-0.5085461072761922,-0.48629334742224656,0.6981132075471698,0.1505109070852961,2026-09-10
2026-09-11,0.726970915183429,-0.8389489260007673,0.552825130564112,0.82009657359286,-1.046202848277181,-0.8629974016487193,-0.6556781725560498,-0.18627638987747375,0.6999642064468002,0.6750841750841751,0.131831609305333,2026-09-11
2026-09-12,1.091979073135824,-0.359597277623412,1.4687645640454343,0.6980684668163784,0.029507756511654746,0.111564625892622,0.5117686392370933,0.5074365497165135,1.0862707013325457,0.54,0.1561706595569849,2026-09-14
2026-09-13,0.7582463541004417,-0.7630481992890269,-0.7646833864482446,-1.5280248024137741,0.32976361555806816,0.25765101422568143,0.6384200270894964,-0.1530964824539083,-0.511487278253859,0.3881188118811881,0.365701419909918,2026-09-14
2026-09-14,1.104464182061267,-0.08444424436626298,1.0985859255740291,0.6454699646018474,-0.04071444165544372,-0.9645537140588241,1.8770705460799684,0.5194111740337972,0.9495066907457147,0.3994708994708995,0.3684470502230974,2026-09-14
2026-09-15,1.1291421537428834,-0.0892184143703534,1.3104541212239185,0.5123902375258669,0.8645115782623353,2.0872445183699906,0.3304427901511457,0.8778524264151125,0.983995504164223,0.76171875,0.3705838885471166,2026-09-15
2026-09-16,0.9339114567591694,-0.6393425949798369,-0.7646833864482446,0.2785904413282152,0.24235412573766682,-0.5829483338002492,0.35100112977650366,-0.02587388023239653,0.14927283721304666,0.7064896755162241,0.251884624279574,2026-09-16
2026-09-17,0.833828146595279,-0.5732963825096757,0.9222869110495934,0.721895839265931,0.9879420580027356,-0.8892397424858549,0.5543461861284814,0.36539471657807,0.8260036323036011,0.6864779874213837,0.2375308701698229,2026-09-17
2026-09-18,0.9199963178069849,-0.738297962317807,1.173707231541129,0.5701562056058714,-0.33397927923325443,-0.8343785188617419,0.7064219707420136,0.20908942361188504,0.8879532516513283,0.712797619047619,0.1699259400983075,
