,index,volume_idx,esc_mean,tone_mean,ndays,surprise
2026-01-02,-2.545208923017369,-1.1603812552386146,0.7314814814814814,0.3484664152126276,2,-2.545208923017369
2026-01-05,-1.9432719767420814,-1.7852101268293847,0.7508930771125893,0.321137672984869,3,-1.9432719767420814
2026-01-06,-1.6878600273290314,-2.5466873656768048,0.6666666666666666,0.3823948935023509,1,-1.6878600273290314
2026-01-07,-1.5869098848374095,-2.652064360914659,0.5476190476190477,0.1619484640125717,1,0.35636209190467194
2026-01-08,-1.679038980525843,-2.5466873656768048,0.6041666666666666,0.2956467467593029,1,0.1365270215097134
2026-01-09,-3.5476024030746935,-2.652064360914659,0.5476190476190477,0.4362945297865995,1,-1.8597423757456621
2026-01-12,-0.7807544960049639,-1.1926000429631813,0.5683552506194016,0.25819546812020966,3,1.0348115060305925
2026-01-13,-0.8519331458848607,-0.26027347744206886,0.6428571428571429,0.3115493595167728,1,0.8359268814441707
2026-01-14,-1.733071753668057,-0.715395095968269,0.7628205128205128,0.3685185069110818,1,-0.04962224974062002
2026-01-15,-1.5570708354099243,-0.840141872308958,0.7192982456140351,0.2422117951424106,1,0.1307891919191071
2026-01-16,-2.3711402153539325,-2.1265781506567407,0.5925925925925926,0.1722215635495053,1,-0.6876907114264954
2026-01-20,-1.9386524087967303,-2.5466873656768048,0.6740238927738927,0.31696661032349877,4,-0.2552029048692932
2026-01-21,-1.9501581341744592,-2.5466873656768048,0.7416666666666667,0.360150953172706,1,-0.26670863024702207
2026-01-22,-2.4059202917498848,-2.652064360914659,0.6571428571428571,0.161037600200091,1,-0.6998649246529347
2026-01-23,-3.102471088247625,-1.6566114774376361,0.6666666666666666,0.273846728572001,1,-1.2666090070152314
2026-01-26,-0.615055296595358,-1.6409044961714443,0.7628205128205128,0.3247055972341257,3,1.3293499748902367
2026-01-27,-0.9646244592982374,-0.7777654420884866,0.5808641975308642,0.2775819016172102,1,0.8712376219341564
2026-01-28,-0.948658856918728,-0.2618255201218445,0.6337254901960785,0.199572907026638,1,0.8872032243136658
2026-01-29,-1.6428701450189536,-1.1069404935707265,0.5587813620071684,0.0922567182751272,1,0.19299193621344024
2026-01-30,-0.9572226672268361,-0.3961110172118574,0.4740740740740741,0.0589814638693092,1,0.8335386096810057
2026-02-02,0.4084968106545583,-0.4498878886964523,0.2905964405964406,0.09796587255272243,3,2.1992580875624
2026-02-03,-0.9625503955805677,-0.19285248594969523,0.0771043771043771,0.1001729666528226,1,0.3411969065780278
2026-02-04,-1.292906754314822,-1.1159450407858529,-0.0576086956521739,0.0311726516760561,1,-0.32931932687541954
2026-02-05,0.48409989352642946,0.057233909074506,-0.2330065359477124,-0.0949477364181303,1,1.4476873209658319
2026-02-06,0.05163699927991677,0.18453674557576427,-0.1607017543859649,-0.1033150884763974,1,1.0115235306836188
2026-02-09,-0.07328420954640216,-1.4175300509851432,0.09325216277443284,-0.001291131121873134,3,0.87965655252638
2026-02-10,-0.6896866538534069,-0.1213542181570346,0.1667887667887667,-0.023520463767151,1,0.2632541082193752
2026-02-11,-1.2476048090316212,-0.185920655054698,0.1982056590752242,0.0355612931206174,1,-0.4284320536455537
2026-02-12,-1.160212544785611,-0.6818426095690877,0.1847222222222222,0.0443257579463534,1,-0.3367578842454896
2026-02-13,-1.457406723414465,-0.6859284998738914,0.2017543859649122,-0.0255185337492117,1,-0.6339520628743435
2026-02-17,0.8229898559772345,-0.6790299918705227,-0.05197626418988645,-0.11550415289148719,4,1.649108380694222
2026-02-18,0.9173516567194756,-0.6822127184212472,0.4234234234234234,0.0749651457913018,1,1.743470181436463
2026-02-19,-0.5274928444729212,-0.5707591068567035,0.4604166666666667,0.2179901392276709,1,-0.1460074127730167
2026-02-20,-0.1109717109326454,0.014445412725002837,0.5922222222222222,0.2701794238450626,1,0.18941681607701627
2026-02-23,0.2071822368776095,-1.6321352751027145,0.305,0.1010583283819465,3,0.5264145145803928
2026-02-24,-0.7786378823633969,-0.6649873795637187,0.3796296296296296,0.1293591040755725,1,-0.45940560466061364
2026-02-25,0.83415980573505,-0.31429349315549954,0.1191256830601092,0.1317298049107194,1,1.442749554898214
2026-02-26,0.28405732950877327,-0.150573240768491,0.0149122807017543,0.0957025198854113,1,0.6032896072115566
2026-02-27,2.4439626795831417,0.10131957471857972,0.7863439590712318,0.2268570287399425,1,2.3958574166106597
2026-03-02,-0.2525669103683716,0.6985972005753597,0.9150122205934075,0.22783345066881633,3,-0.498186693561563
2026-03-03,-0.8137093611662313,0.6794545232043313,0.8846153846153846,0.2364004876735246,1,-1.0593291443594226
2026-03-04,-0.010263469203267813,1.7177402023888126,0.9293478260869564,0.2031015416748983,1,-0.058368732175749866
2026-03-05,-0.6447257347587639,0.3836107110856631,0.8789473684210526,0.1975061348100242,1,-0.5841081446908073
2026-03-06,-0.6946158769868469,0.1506603985793174,0.8879999999999999,0.2821335729956626,1,-0.6339982869188903
2026-03-09,-0.9946089161432202,0.21374075115823601,0.9035436334216822,0.22837135715570786,3,-0.8631937263574005
2026-03-10,-0.2715265774914039,0.30852276249241395,0.9022435897435896,0.2074805729879209,1,0.17711974507216383
2026-03-11,-0.8189008874563914,0.32429956254843517,0.8888888888888888,0.2981309629685711,1,-0.5568541435265038
2026-03-12,-0.4572585176188461,0.137771112982525,0.8963963963963963,0.3026645317346462,1,0.0008676385062377778
2026-03-13,-0.0764829101738027,0.776040870587413,0.8365384615384616,0.2475629268178286,1,0.4745092160150023
2026-03-16,-0.04111733046156191,-0.06773845337167506,0.7077991452991453,0.24382167409600006,3,0.5098747957272431
2026-03-17,0.6833546396817275,0.06020766960643521,0.8698630136986302,0.2961305096771007,1,1.2343467658705325
2026-03-18,-0.08739432194337919,0.24109646268136267,0.8516260162601625,0.2645287548941446,1,0.2769982256117458
2026-03-19,-0.5807424250924348,-0.02250885261382272,0.8478260869565217,0.2695095282236951,1,-0.21634987753730978
2026-03-20,0.023545774950958748,-0.05114421868633139,0.8095238095238095,0.3718305259854311,1,0.38793832250608373
2026-03-23,0.9583991860850957,-0.005881948451409228,0.5469722129722129,0.2816674508275602,3,1.1378596358024873
2026-03-24,0.1389745979344509,0.10428299460008345,0.4754671488848704,0.173573322570588,1,0.22091321399304187
2026-03-25,-0.18933046768776055,-0.07785569593848952,0.4663313212608987,0.1921364362810699,1,-0.13053034737007824
2026-03-26,0.0880121574363784,0.10604713314744076,0.5748400852878465,0.1993511014604079,1,0.1468122777540607
2026-03-27,0.6731461225132048,0.9087667864571572,0.6707482993197279,0.2385313195765626,1,0.6819319002685064
2026-03-30,0.5929075554929925,0.7056015695729249,0.6938861655773421,0.23782105845120716,3,0.5371285892993238
2026-03-31,-0.162043870103603,0.3435510159483703,0.7006472491909386,0.1396371350325282,1,-0.27553724778901767
2026-04-01,0.4438616634170905,1.4923052258784282,0.7881944444444445,0.1772687669435981,1,0.3880826972234219
2026-04-02,0.17912406571297515,1.1787378267743358,0.9,0.2189506966088499,1,0.0656306880275605
2026-04-03,0.24246817987485825,0.7097353437720045,0.7777777777777778,0.2866976564077453,1,0.08341884805114522
2026-04-06,1.4290515398550654,0.3706975064020936,0.5517913962072037,0.23611985487294515,3,1.2182554170611488
2026-04-07,0.6198564769114162,0.41051126472075333,0.2883373688458434,0.163986794642662,1,0.4090603541174995
2026-04-08,0.8751364587876651,1.8352348351143548,0.3015238095238095,0.1825749145522713,1,0.5319715371416908
2026-04-09,0.6908325973907942,1.3326164951801651,0.3092592592592592,0.167368699517101,1,0.17244798793575267
2026-04-10,0.9609977722621745,0.569387230846618,0.1122807017543859,0.1752058945498184,1,0.3546157560599702
2026-04-13,1.7024988672896075,0.8915299433246227,0.16335642146348792,0.29490406949805525,3,1.096116851087403
2026-04-14,0.13733955704362247,-0.2488182686210787,0.2981981981981982,0.0862113548367208,1,-0.5180049801074827
2026-04-15,0.3206587787337466,0.7731001431491263,0.3363247863247863,0.049345630280769,1,-0.3346857584173586
2026-04-16,-0.18527374392055543,-0.3736567720124103,0.2539888682745825,0.0375566404046756,1,-0.8406182810716606
2026-04-17,-0.43886667314009925,-0.4484981775393684,0.2186274509803921,0.1528936316368772,1,-1.0942112102912045
2026-04-20,0.17329870588447158,-0.3165295885352702,0.32593257296717854,0.29508886533421846,3,-0.4820458312666336
2026-04-21,-0.358299401686484,-0.3499777990599009,0.1681951793062904,0.2781155636120174,1,-0.8285570295090654
2026-04-22,1.0687879595805008,-0.1621407976204016,0.4769230769230769,0.2772391335561107,1,0.8218092172713917
2026-04-23,-0.3020167412678564,-0.3181169241148793,0.528042328042328,0.1616381696381029,1,-0.5489954835769655
2026-04-24,0.9734397654917462,0.3731091359510045,0.3068376068376068,0.130938512368653,1,0.8181206340276992
2026-04-27,0.49326196103285247,-0.40383877299095355,0.2087643678160919,0.11400300058096087,3,0.33794282956880545
2026-04-28,0.3312935434175208,-0.48849334062593763,0.4028248587570621,0.243790035009763,1,0.1759744119534738
2026-04-29,0.2626179858275841,-0.380132604925689,0.6023809523809524,0.2688292953052691,1,0.01563924351847501
2026-04-30,0.16535574219558002,-0.5212764078511622,0.7504901960784314,0.3045334556578275,1,-0.05260260366044783
2026-05-01,-0.370253857958972,-0.6789185335227229,0.6075471698113208,0.2584134519346199,1,-0.5882122038149998
2026-05-04,1.2736292323152727,1.0823131849323477,0.39510498070783634,0.18486126058054278,3,1.0556708864592448
2026-05-05,0.8019022124842783,0.7545786312110367,0.4578431372549019,0.1160986486082787,1,0.5049464478617258
2026-05-06,1.214787064052792,0.9456249345473279,0.3425641025641025,0.0663289863043106,1,0.8025093118276054
2026-05-07,0.5110196096004798,1.0163978675024703,0.3720430107526881,0.1696148675175443,1,0.09874185737529312
2026-05-08,0.4676978834517721,0.37432913477835933,0.5247863247863247,0.1857749046757817,1,-0.03444290186489407
2026-05-11,1.3583839972846028,0.7286749673742028,0.26081548561163087,0.2868308857204006,3,0.8779040750422905
2026-05-12,1.1932882274279943,0.7786241288219395,0.4451977401129943,0.2004889915460499,1,0.7039294809018684
2026-05-13,0.3170650477564127,-0.021765539658383674,0.6881720430107526,0.104008789324472,1,-0.3393958632859663
2026-05-14,0.32370423489975225,-0.9991174347248609,0.4365591397849462,0.1351121407482893,1,-0.3327566761426268
2026-05-15,-1.6447045280832588,-2.2563602500087687,0.3014492753623188,0.2689178211047597,1,-2.3011654391256378
2026-05-18,1.61555835807591,0.641506803010337,0.6690079365079366,0.2156640806312983,3,0.9590974470335311
2026-05-19,-0.22052473344337414,-0.36356127595621207,0.5685374149659864,0.1486451896572751,1,-0.8769856444857531
2026-05-20,1.212465338563938,0.18654937721540568,0.3675675675675675,0.1017858198516675,1,0.7231065920378119
2026-05-21,-0.12470753456734464,-2.0141557825969274,0.0591397849462365,0.0256305138370202,1,-0.6140662810934706
2026-05-22,0.5452627861317471,-0.7650543919986734,-0.2402777777777777,-0.1239289752362916,1,0.1495617269559849
2026-05-26,2.161417387381889,1.0565975118218727,-0.08493165459603816,0.10639874514664979,4,1.7269338768661393
2026-05-27,0.926605228942136,-0.48666041885908834,-0.0077380952380952,0.1638172339007724,1,0.4921217184263864
2026-05-28,0.608254398498072,-0.25733118710128033,-0.125108225108225,0.0610315124645377,1,0.17377088798232232
2026-05-29,-1.5888709125493043,-1.4849193784362653,-0.1078288942695722,0.0939153477517982,1,-2.1656295048642136
2026-06-01,0.8282844093282401,0.7693859178391858,0.060587889476778366,0.2681366261971927,3,0.25152581701333065
2026-06-02,1.7186362686808065,0.8024124998735485,0.3456709956709956,0.2435123910280791,1,1.0003668647676505
2026-06-03,0.9533261010573557,0.5030617637968055,0.5347535505430242,0.2403642450573674,1,0.23505669714419963
2026-06-04,0.14135422395100405,-0.7955349049150509,0.4414634146341464,0.1903639229741401,1,-0.736090595184184
2026-06-05,0.007853526091790693,0.23283524276618092,0.4864583333333333,0.2051645566243678,1,-0.7104158778213654
2026-06-08,0.08211804703856143,1.1451947526349346,0.5290067582940349,0.19066573968521738,3,-0.6361513568745947
2026-06-09,-0.17835166789878537,-0.012388819966522547,0.5866238630283575,0.3183075455488281,1,-0.8966210718119414
2026-06-10,-0.12937734762441147,0.14458020677720695,0.480747567844342,0.2720472165834038,1,-0.5041816588489495
2026-06-11,1.758054480086261,-0.003877615246380688,-0.0385185185185185,0.106403899534295,1,1.6463183445914782
2026-06-12,1.60075033472692,0.8335475144094899,-0.3778962331201137,0.0193103483335962,1,1.4890141992321373
2026-06-15,0.8348944525177249,1.5222545533640726,-0.3628695885115459,-0.08014442594352193,3,0.3500751358781028
2026-06-16,-0.3426885114006207,0.15250544428171517,-0.316945516945517,0.0442625462572585,1,-0.8308128496349851
2026-06-17,-0.2017218688491644,0.30716396139886415,-0.3319088319088319,-0.0355993673746657,1,-0.31345800434394716
2026-06-18,-0.5136604870801745,0.24475570143069583,-0.2676780446691951,0.0283091514972986,1,-0.5586462736453506
2026-06-22,0.6177065261913015,0.043062625154821385,-0.18802233841194874,0.06715729138794604,4,0.6784684369576119
2026-06-23,-0.41935308302065716,-1.1069404935707265,0.1473118279569892,0.1673094433562089,1,-0.39572343272773214
2026-06-24,0.058265350527146556,-0.6020003209388772,0.3,0.15782176501165,1,0.21212985828874498
2026-06-25,0.11798920141855371,-1.4175300509851432,0.4947916666666667,0.3061523890210083,1,0.15354519996718616
2026-06-26,0.30893020024882734,0.5978790471369555,0.5444444444444444,0.4826828183277565,1,0.2208029242759772
2026-06-29,1.1852763314910502,0.5740936444038871,0.16665001618740052,0.28138488190355054,3,1.0971490555182
2026-06-30,-0.5474659626088095,-0.814919951138563,-0.0757575757575757,-0.0073109119848319,1,-0.6355932385816596
2026-07-01,0.7148741508417741,0.2585062165853698,0.0975609756097561,0.0227095473830292,1,0.786602410002783
2026-07-02,0.050933403688342524,-1.237785815056296,0.2797619047619047,0.1469763288540499,1,-0.037193872284507615
2026-07-06,2.2828023586909434,-1.6656877032334985,0.33162996423865987,0.21731583034191887,4,2.1946750827180934
2026-07-07,0.21522275779208233,0.2855611593590802,0.5536363636363636,0.4550198117101734,1,0.0017630569583917954
2026-07-08,0.9094585247576799,1.7613141858917158,0.5241192411924119,0.3980030312801037,1,0.7428525451523618
2026-07-09,0.8903672635282056,1.3274216602438365,0.5416666666666667,0.3301968146419233,1,0.6282907845077508
2026-07-10,-0.7039383975733763,-1.4849193784362653,0.4011299435028249,0.2561035798389022,1,-1.215840573118677
2026-07-13,0.9681986404294177,1.6518551510276214,0.6945747864363137,0.3494817244255106,3,0.456296464884117
2026-07-14,0.19165304888962487,1.2631249530694229,0.7314102564102564,0.3253663784484021,1,-0.6109676582953649
2026-07-15,0.07125803886839427,0.042978565676523146,0.7984674329501916,0.3306166988679732,1,-0.39379041544853394
2026-07-16,0.338010660294121,0.9618888493557856,0.8534136546184738,0.3964480766016676,1,-0.12703779402280718
2026-07-17,-0.2909680937829788,0.7365022550983364,0.8461265103056148,0.5058425203827557,1,-0.5675848028260804
2026-07-20,-0.49159744740768235,0.24981008021017964,0.8844896086746682,0.42092861412937704,3,-0.7682141564507841
2026-07-21,-0.6341295372263482,0.3156650676968881,0.8433070866141732,0.2510554957034902,1,-0.8375674405672018
2026-07-22,-0.3452613117428853,0.2239420914924639,0.7904040404040403,0.2888096143830229,1,-0.4767168556218949
2026-07-23,-0.6311259345980705,0.22748284963525764,0.7459016393442623,0.2998658248803532,1,-0.5212709071407783
2026-07-24,-0.3268490090331206,0.4285262119354105,0.703125,0.2542165369741269,1,-0.008734306270188508
2026-07-27,0.32194429201982694,0.3375479360817943,0.5223212589879257,0.23186110126815118,3,0.6308528434278766
2026-07-28,-0.4062473019405222,0.0958299839154766,0.656641604010025,0.2095323435303972,1,-0.09733875053247254
2026-07-29,0.13645211087928688,0.287113231957189,0.8182291666666667,0.2374565503632766,1,0.47250727126728986
2026-07-30,-0.6915555076052149,0.27697060997796885,0.8180790960451977,0.1981133359555407,1,-0.3555003472172119
2026-07-31,-0.75612546094978,-0.9746032567821997,0.6844036697247706,0.2628149544914176,1,-0.3803711541080762
2026-08-03,1.5047400541108695,1.0007997727426348,0.14886702847805786,0.14584606053580376,3,1.9536624287849718
2026-08-04,0.03885184415265676,0.0894582226691184,0.0058773058773058,-0.0416934767838668,1,0.4146061509943605
2026-08-05,0.7126611931735596,0.02914169278718504,-0.1021913190054783,0.0304612196503882,1,1.0487163535615625
2026-08-06,0.3239051788541166,-0.09120629340563166,0.1125356125356125,0.1797773131272859,1,0.4679037612943485
2026-08-07,0.14178323848426605,1.1434312953355514,0.1831715210355987,0.0948590078454428,1,0.05413126096829424
2026-08-10,0.6647663278970035,1.269743360875083,0.1506872499949747,0.14539032983079672,3,0.525648653215227
2026-08-11,0.28394257922810934,0.9830174370630489,0.3939682539682539,0.2081615253395977,1,0.14482490454633287
2026-08-12,-0.4751875327764739,-0.1645882936677922,0.3931372549019608,0.1476738153335949,1,-0.6880504416326616
2026-08-13,0.2618697245283144,-0.0918341962674051,0.5333333333333333,0.2390535733747211,1,0.049006815672126725
2026-08-14,-0.585918670177501,0.024345055710551854,0.5619469026548672,0.2594779863195345,1,-0.8588248220557129
2026-08-17,0.7314709909502787,1.2435556815102082,0.4519842177908539,0.2711493529801577,3,0.4585648390720668
2026-08-18,0.15438197868533987,1.25062414700341,0.4043792517006803,0.2602646185467684,1,-0.118524173192872
2026-08-19,0.09052315811226694,0.6826440161493725,0.5086580086580086,0.2467426661184275,1,-0.18238299376594494
2026-08-20,0.8225500951429504,0.958272008397313,0.6645569620253164,0.2561243167972263,1,0.6144242435361232
2026-08-21,-1.214224481324068,-1.07185553623816,0.6745704467353952,0.2455603243379863,1,-1.422350332930895
2026-08-24,0.6416015280257469,1.133265121973525,0.5085997285079854,0.1487221783764119,3,0.4334756764189197
2026-08-25,0.991066757459241,1.3970069827268898,0.4338935574229692,0.1336803071380851,1,0.7829409058524138
2026-08-26,-0.20161516217251382,-0.054186677536035545,0.4054644808743169,0.1564604414581153,1,-0.40974101377934097
2026-08-27,0.5659136563169356,-0.00599406726396528,0.63046875,0.1499933871964458,1,0.3577878047101084
2026-08-28,-1.1037498291147012,-0.8470108001185342,0.7440944881889764,0.1434038024777033,1,-1.4638976466158389
2026-08-31,1.0094133823491338,1.4117518880182907,0.7612780010070986,0.3623792999559567,3,0.6492655648479961
2026-09-01,1.105695928338419,1.6239554598503996,0.8046875,0.389181365382683,1,0.7455481108372812
2026-09-02,-0.12374259864271844,1.1851622526151862,0.8159663865546218,0.3745810302960522,1,-0.7275001908140596
2026-09-03,0.38806943437598557,1.2746876050460325,0.7731182795698924,0.2787608764314603,1,-0.2156881577953556
2026-09-04,0.49814988056603926,1.1047612983353856,0.8183908045977012,0.3959884376618369,1,0.02115833521957866
2026-09-08,0.9012524519814454,1.2397509739276753,0.6845692459159163,0.34140969553601397,4,0.36922068353995796
2026-09-09,-0.28818551165775236,0.3553343776891923,0.7524637681159421,0.2110620466182413,1,-0.8202172800992398
2026-09-10,-1.4539315644620172,-0.9978835549319941,0.6981132075471698,0.1505109070852961,1,-1.8970412219330295
2026-09-11,-0.633914951121119,0.899211084119986,0.6750841750841751,0.131831609305333,1,-1.0770246085921313
2026-09-14,1.1617099400608233,1.5170027079443773,0.4425299037840292,0.29677304323000014,3,1.0295465221941897
2026-09-15,2.0737651720320707,1.3534414917285704,0.76171875,0.3705838885471166,1,1.6306555145610582
2026-09-16,-0.22577010961309074,0.018530795983438184,0.7064896755162241,0.251884624279574,1,-0.6688797670841031
2026-09-17,0.7698144344544061,1.10077668707211,0.6864779874213837,0.2375308701698229,1,0.6376510165877726
