variable,units,S1_level_q75,S2_level_q85,S3_surprise_q75,S4_prewar,S5_warpost,S6_curated,S7_volume_q75
Ten-year Treasury yield,pp chg,0.0288 (2.97),0.0346 (2.85),0.0296 (2.04),-0.0258 (0.45),0.0304 (3.65),0.0259 (2.00),0.0127 (0.75)
10y break-even inflation,pp chg,0.0164 (3.66),0.0168 (2.53),0.0168 (1.81),-0.0013 (0.03),0.0171 (4.46),0.0174 (3.06),0.00105 (0.15)
S&P 500,pct chg,-0.595 (3.66),-0.469 (2.37),-0.153 (0.49),0.433 (0.24),-0.609 (4.64),-0.701 (2.94),-0.474 (1.39)
BBB corporate OAS,pp chg,0.00574 (1.67),0.000238 (0.08),-0.000579 (0.12),-0.000627 (0.01),0.00381 (1.41),0.00669 (1.61),0.0105 (2.40)
High-yield corporate OAS,pp chg,0.0361 (2.71),0.02 (1.88),0.0408 (1.54),-0.0718 (0.37),0.0333 (2.87),0.0464 (2.93),0.0511 (1.98)
WTI front-month future,$ chg,5.14 (8.16),4.16 (11.06),4.09 (9.19),3.23 (8.89),5.09 (9.00),5.36 (8.47),3.09 (1.34)
Gold future,$ chg,-4.42 (0.16),17 (0.58),113 (1.28),367 (1.01),-18 (0.74),12.6 (0.33),-44.3 (1.85)
Broad trade-weighted dollar,pct chg,0.204 (2.84),0.143 (2.54),0.00371 (0.03),-0.231 (0.43),0.216 (3.49),0.112 (1.04),0.22 (1.94)
10y TIPS real yield,pp chg,0.0137 (1.43),0.0205 (1.44),0.0109 (0.72),0.00157 (0.02),0.0142 (1.74),0.00865 (0.82),-6.31e-05 (0.01)
DXY dollar index,pct chg,0.157 (2.68),0.189 (2.74),0.0825 (0.55),-0.152 (0.15),0.154 (3.20),0.014 (0.10),0.0842 (0.74)
EUR/USD,pct chg,-0.164 (1.23),-0.04 (0.34),-0.00868 (0.06),0.331 (0.31),-0.15 (1.25),-0.152 (0.96),-0.356 (2.91)
USD/JPY,pct chg,-0.0135 (0.07),-0.0062 (0.02),-0.231 (0.82),-3 (1.23),0.0133 (0.08),0.0542 (0.28),0.0487 (0.24)
USD/CHF,pct chg,0.0586 (0.40),0.0921 (0.66),-0.0152 (0.08),-0.375 (0.26),0.0515 (0.38),0.0956 (0.68),-0.052 (0.22)
VIX,pt chg,0.817 (2.05),0.341 (1.31),-0.266 (0.46),-1.48 (0.34),0.85 (2.52),0.768 (1.26),0.64 (0.91)
20y+ Treasury ETF (TLT),pct chg,-0.285 (2.17),-0.347 (2.43),-0.272 (1.32),0.0349 (0.03),-0.335 (2.95),-0.368 (1.49),-0.0393 (0.19)
HY bond ETF (HYG),pct chg,-0.192 (2.68),-0.203 (1.85),-0.00466 (0.03),0.439 (1.74),-0.232 (3.61),-0.165 (1.68),-0.0657 (0.41)
Euro Stoxx 50,pct chg,-1.2 (4.52),-0.815 (2.86),-0.529 (1.54),1.63 (0.86),-1.18 (4.88),-0.93 (2.51),-1.25 (3.21)
Nikkei 225,pct chg,-0.596 (0.66),0.108 (0.10),0.306 (0.27),3.83 (1.09),-0.499 (0.62),-0.681 (0.83),-2.47 (2.22)
EM equities (EEM),pct chg,-1.29 (3.36),-1.27 (2.32),-0.316 (0.49),0.436 (0.23),-1.35 (4.07),-0.945 (1.61),-0.971 (1.16)
Tel Aviv 35,pct chg,0.431 (1.03),-0.0843 (0.21),0.297 (0.57),1.4 (0.45),-0.157 (0.45),-0.547 (0.77),-0.0253 (0.01)
Saudi equities (KSA ETF),pct chg,-0.45 (1.54),-0.754 (1.99),-0.544 (1.05),1.2 (0.58),-0.552 (2.27),-0.314 (0.81),-0.607 (1.25)
US defense ETF (ITA),pct chg,-1.11 (2.74),-0.688 (1.24),-0.428 (0.69),0.948 (0.39),-1.15 (3.25),-0.203 (0.34),-1.08 (1.86)
US airlines ETF (JETS),pct chg,-2.53 (4.68),-2.55 (3.42),-3.12 (2.95),-9.4 (1.45),-2.43 (5.88),-1.93 (2.91),-1.84 (2.24)
US energy ETF (XLE),pct chg,1.53 (3.14),1 (1.41),1.38 (1.58),2.59 (1.64),1.29 (3.16),0.957 (2.15),1.89 (3.02)
Henry Hub natgas future,pct chg,1.44 (2.32),1.97 (2.66),0.434 (0.06),-21.9 (0.37),1.57 (2.94),0.165 (0.06),0.193 (0.22)
Dry-bulk shipping ETF (BDRY),pct chg,0.725 (1.11),1.22 (1.39),0.976 (0.99),2.84 (0.50),0.569 (1.10),-0.126 (0.16),0.0615 (0.07)
Bitcoin,pct chg,-0.4 (0.63),-0.225 (0.24),3.67 (1.16),22.5 (0.95),-0.521 (0.92),-0.369 (0.45),-0.0206 (0.03)
