date,index,risk_direction,esc_score,finbert_neg,d2y_bp,dSPX_pct,dBrent_usd,dHY_bp,headlines,wiki_timeline
2026-03-04,-0.01,Increased,0.93,0.2,3,0.77,0.0,-11,Satellite images show Iranian navy and nuclear sites hit by US-Israeli strikes | Israel Strikes Hezbollah in Lebanon as War With Iran Escalates | US soldiers were killed in an Iranian drone strike at a civilian port in Kuwait,"====US–Israeli attacks in Iran==== thumb|Damaged buildings in Tehran after US–Israeli strikesHRANA recorded 117 attacks in 23 provinces, and at least 53 casualties including 31 civilian deaths and 25 civilian injuries. Targets hit included industrial towns in Qazvin and Urmia, a garrison in Najafaba"
2026-03-13,-0.08,Increased,0.84,0.25,-3,-0.61,2.68,11,"UAE says it intercepted Iranian missiles and drones; six killed, 141 injured | Iraq is caught in the crossfire of the Iran war, with attacks by both sides on its soil | Americans react to Iran strikes: 'What if this turns into a forever war?'","thumb|Infrastructure on Kharg Island, 2018 ==== US–Israeli strikes ==== The US bombed Kharg Island, a major Iranian oil export hub, with Trump stating that every military site was destroyed on the island. Explosions were reported in Tehran during rallies for Quds Day. One person was killed by shrap"
2026-03-27,0.67,Increased,0.67,0.24,-8,-1.69,4.56,21,War on Iran during nuclear negotiations undermines the US’s ability to talk peace around the world − and the effects won’t end when Trump leaves office | Israel launches strikes on nuclear sites as Iran warns of retaliation | Iran says nuclear facilities have been attacked after Israel says attacks 'will escalate and expand',"IDF reported four missile salvos were fired from Iran on targets in Israel since the early morning, with most being intercepted and the rest causing no casualties. Kuwait reported an attack by drones on Shuwaikh Port, and drones and missiles on Mubarak Al Kabeer Port causing material damage but no h"
2026-04-01,0.44,Increased,0.79,0.18,2,0.71,-17.19,-12,"Israel hits Iran with waves of attacks and says it killed top Hezbollah commander | Attacks persist on Iran and across the Mideast as Trump threatens escalation | Iran threatens Nvidia, Apple and other tech giants with attacks","A fuel storage at Kuwait International Airport was hit by Iranian drones, causing a major fire. Israel reported four missile barrages fired from Iran, with impacts of cluster munition reported from Bnei Brak and Tel Aviv, injuring 14 people. IDF reported a missile launched by Houthi militias was int"
2026-04-02,0.18,Increased,0.9,0.22,-2,0.11,7.87,1,"Strikes Hit Infrastructure Sites in Iran After Trump’s Threat | Iran condemns US-Israeli ‘moral collapse’ after attacks on civilian sites | Iran's two largest steel plants shut down due to air strikes, companies say","The IDF said that it struck an IRGC Ground Forces base and mobile command centers in Tehran. Two US strikes on the Karaj B1 bridge between Tehran and Karaj, which was described as the highest bridge in the Middle East, reportedly killed eight people and caused it to collapse. Iraq began exporting cr"
2026-04-08,0.88,Increased,0.3,0.18,-2,2.48,-14.52,-18,"War on Iran during nuclear negotiations undermines the US’s ability to talk peace around the world − and the effects won’t end when Trump leaves office | Ceasefire is threatened as Israel expands Lebanon strikes and Iran closes strait again | Trump agrees to 2-week ceasefire with Iran, delaying threat of large-scale bombing campaign","Israeli prime minister Benjamin Netanyahu announced on social media that the ceasefire does not include Lebanon. Early morning, Iranian agencies reported explosions from Sirri Island and Lavan Island of unknown origin. The strike on Lavan island was later attributed to the UAE by press research from"
2026-04-09,0.69,Increased,0.31,0.17,-1,0.62,1.17,-4,War on Iran during nuclear negotiations undermines the US’s ability to talk peace around the world − and the effects won’t end when Trump leaves office | Iran war ceasefire teeters over disagreements on Lebanon and the Strait of Hormuz | President Trump warns 'Shootin' Starts' again if Iran does not comply with ceasefire agreement,"Kuwait announced that it was intercepting a drone attack on its territory that was targeting vital institutions. The Kuwait National Guard later announced that one of its sites were attacked, causing damage. Iran denied responsibility. The US said that an Iran-backed militia conducted drone attacks "
2026-04-13,1.7,Unclear,0.16,0.29,-3,1.01,4.16,1,"Trump threatens Strait of Hormuz blockade after US-Iran ceasefire talks end without agreement | US begins blockade of Iran's ports, Tehran threatens retaliation | US military says it will blockade Iranian ports after ceasefire talks ended without agreement","Trump said that American forces started ""clearing"" the Strait of Hormuz. Iran claimed that an American vessel on way to the strait turned back after warning. The Wall Street Journal reported that several US Navy destroyers entered the Strait of Hormuz for the first time since the war began. A US off Early morning, local time in Islamabad, after some 20 hours of negotiations, US vice president JD V"
2026-04-15,0.32,Increased,0.34,0.05,0,0.79,0.14,1,Iran warns US naval blockade threatens ceasefire | Hegseth Again Threatens Attacks on Iran’s Civilian Infrastructure | Iran Escalates Retaliatory Strikes as U.S. Signals Long Battle,Donald Trump declared he is permanently opening the Strait of Hormuz.
2026-05-04,1.27,Increased,0.4,0.18,7,-0.41,6.27,1,"U.S. And Iran Fail to Agree on Peace Deal After 21 Hours of Talks, Vance Says | Markets on edge as fresh U.S.-Iran attacks dent optimism over a peace deal | US strikes Iranian fast boats as Iran attacks UAE oil facility","Trump announced that the US will help free up ships in the Strait of Hormuz beginning the next morning. US Central Command announced two US-flagged ships, coming from the Gulf, passed the Strait of Hormuz unchallenged, while two US warships passed from the east. Two civilian ship reported attacks near the Strait of Hormuz, South Korean container vessel HMM Namu was damaged near Umm Al Quwain, whil"
2026-05-05,0.8,Increased,0.46,0.12,-2,0.81,-4.57,-1,"Trump says Iran will be bombed at a 'much higher level' if it doesn't agree to peace deal | U.S. And Iran Fail to Agree on Peace Deal After 21 Hours of Talks, Vance Says | Markets on edge as fresh U.S.-Iran attacks dent optimism over a peace deal","UAE's ministry of defence stated the country was again defending against a barrage of Iranian missiles and drones. The CMA CGM line stated that one of their freighters, CMA GGM San Antonio, was attacked in the Strait of Hormuz late on 5 May. Several crewmembers were injured and were evacuated for tr"
2026-05-06,1.21,Increased,0.34,0.07,-6,1.45,-8.6,-2,Trump says Iran will be bombed at a 'much higher level' if it doesn't agree to peace deal | Trump declares US has won the war with Iran as nuclear deal negotiations continue | Iran War Updates: Tehran and U.S. Offer Conflicting Messages on State of Negotiations,"President Trump temporary stopped the US military's ""Project Freedom"" operation to reopen the Strait of Hormuz, citing ""great progress"" at a potential deal with Iran. Trump added that the operation will be halted for ""a short period"" to determine whether a ""complete and final agreement"" with Iran co"
2026-05-07,0.51,Increased,0.37,0.17,5,-0.38,-1.21,4,"Trump declares US has won the war with Iran as nuclear deal negotiations continue | Iran War Updates: Tehran and U.S. Offer Conflicting Messages on State of Negotiations | U.S. launches ""self-defense strikes"" on Iran, says warships came under fire in Strait of Hormuz","The US said that it carried out strikes on Iranian military sites in Bandar Abbas and Qeshm Island in response to an earlier combined missile, drone, and small boat attack on American destroyers crossing the Strait of Hormuz. Iran accused the US of violating the truce by targeting an Iranian oil tan"
2026-05-12,1.19,Increased,0.45,0.2,5,-0.16,3.56,3,"Iran threatens to ""teach a lesson"" if U.S. attacks, Trump says ceasefire is ""on life support"" | Israel is worried that Trump will strike a ‘bad deal’ with Iran, leaving war objectives unmet | U.S. Might Restart Strikes on Iran, Trump and Hegseth Warn","On May 12, the US imposed new sanctions targeting Iranian nuclear research with possible military applications, followed days later by sanctions on individuals and entities in China and Iran over support for Iran's ballistic missile program. With an agreement between the U.S. and Iran appearing unli"
2026-05-26,2.16,Unclear,-0.08,0.11,-12,0.61,-3.96,-2,U.S. military strikes Iran as Trump says negotiations move forward for deal to end war | U.S. and Iran work toward deal to extend ceasefire and reopen Strait of Hormuz | US says it launched ‘self-defense strikes’ in Iran as peace negotiations drag on,Israeli troops move north of the Litani river in Lebanon and fights are reported in Zawtar al-Sharqiyah. IDF reported 100 strikes in the Beqaa Valley.
2026-06-01,0.83,Unclear,0.06,0.27,7,0.26,2.93,-2,"Iran fires missiles and US strikes Iran facility after reports of faltering peace talks | U.S. bombs Iranian military sites and downs missiles Tehran fired at troops in Kuwait | US Bombs Iranian Military Sites, Then Downs Missiles Tehran Fired at Troops in Kuwait","On May 30 IRGC General Rezaei stated that they are going to be willing to attack the blockade if Trump betrays negotiations now while White House Deputy Chief of Staff Stephen Miller claimed Iranian regime has made significant concessions in the negotiations like reopening the strait. On May 31, the International Atomic Energy Agency (IAEA) reported that Iran had amassed a record amount of militar"
2026-06-02,1.72,Increased,0.35,0.24,0,0.13,1.02,-1,Iran fires missiles and US strikes Iran facility after reports of faltering peace talks | Kuwait says Iranian drones hit airport and killed 1 as ceasefire is tested again | One killed and dozens injured in Iranian drone strikes on Kuwait airport,"US forces attacked the tanker M/T Lexie while it was en route to Kharg Island, after it ignored orders to stay away from Iran. The ship was hit by a missile, intended to disable it."
2026-06-08,0.08,Increased,0.53,0.19,-2,0.3,1.16,-1,Iran and Israel say they have halted strikes after first exchange of fire since truce | Israel launches strikes on Iran after Tehran fires barrage of missiles | Israel and Iran appear to pause strikes after trading fire for the first time since April ceasefire,Israeli forces did strike the southern suburbs of Lebanon's capital Beirut. Lebanese ⁠state media said that an Israeli strike in the southern suburbs of Beirut killed two people and wounded 11 others. The IDF said that it targeted Hezbollah infrastructure after the group fired towards northern Israe
2026-06-12,1.6,Decreased,-0.38,0.02,4,0.5,-3.05,-7,"Trump condemns Israeli strike in Beirut, warning attacks threaten deal on U.S-Iran war | US and Iran have agreed to wording of a deal to end their war, Pakistan's prime minister says | Trump calls off latest threats to strike Iran, citing a breakthrough in talks to end the war","On June 12, the IAEA declared Iran in breach of its non-proliferation obligations. On June 12, IAEA found Iran non-compliant with its nuclear obligations for the first time in 20 years. With an agreement between the U.S. and Iran seeming more likely, despite contradictory statements from the Trump a"
2026-06-15,0.83,Decreased,-0.36,-0.08,-2,1.64,-4.16,-5,"Iran and US agree deal to open Strait of Hormuz and extend ceasefire | U.S. and Iran Reach Agreement to Reopen Strait and Begin Nuclear Talks | Trump condemns Israeli strike in Beirut, warning attacks threaten deal on U.S-Iran war","{{Infobox summit meeting | name = 2025–2026 Iran–United States negotiations | image = | image_alt = | caption = | date = Round 1: April 12 – June 13, 2025 ( days) Round 2: February 6–28, 2026 ( days) Round 3: March 30 – April 7, 2026 ( days) Islamabad Talks: April 11–12, 2026 ( day) Islamabad Me Israel attacked the Dahiyeh district in Beirut, allegedly responding to a drone attack on targets in Is"
2026-07-08,0.91,Increased,0.52,0.4,2,-0.28,3.86,3,"U.S. hits dozens of Iranian targets in retaliatory strikes after ship attacks in Strait of Hormuz | Iran fires 10 missiles at Jordan after US strikes reported near Bushehr nuclear plant | US Iran strikes today: US launches new strikes on Iran, revokes oil sales permit after 3 ships attacked in Strait of Hormuz","The US Central Command announced that the US struck over 80 Iranian targets including air defense systems, coastal radar sites and dozens of IRGC small boats to degrade Iranian capability to disrupt international maritime trade using precision munitions in retaliation to alleged Iranian truce violat"
2026-07-09,0.89,Increased,0.54,0.33,-5,0.81,-1.72,0,"Iran fires 10 missiles at Jordan after US strikes reported near Bushehr nuclear plant | Iran Says U.S. Strikes Targeted Bushehr Nuclear Plant, Warns of Retaliation Against American Bases | US and Iran exchange intensifying fire across Mideast, threatening ceasefire deal","The IRGC said that it targeted two American bases in Kuwait and two in Bahrain. On the same day, Trump said that Iran contacted him and they want to make an agreement. The same day, the Iranian army said that it targeted American military sites in Kuwait, Qatar and Bahrain. Iran's Health Ministry sa"
2026-07-13,0.97,Increased,0.69,0.35,5,-0.8,7.29,0,"U.S.-Iran strikes escalate over the Strait of Hormuz, threatening to collapse ceasefire | Trump resumes Iran port blockade and threatens strikes on energy targets | Iran launches missiles and drones at Gulf states after US strikes","The IRGC Navy said that it closed the Strait until further notice after firing a warning shot at a vessel trying to transit through an unapproved route. About 140 Iranian targets including missile and drone sites, ammunition storages, and communication networks were hit according to the US military. Trump announced that the US will reinstate the ""Iranian blockade in the Strait of Hormuz"" and impos"
2026-07-14,0.19,Increased,0.73,0.33,-8,0.38,1.43,3,U.S. fires a new wave of strikes on Iran and hits a tanker trying to skirt its blockade | Trump resumes Iran port blockade and threatens strikes on energy targets | Trump says Iran wants to meet as U.S. fires more strikes; analysts warn of 'forever war' risk,"The US military launched a new round of strikes against Iran in an effort to degrade capabilities used to attack commercial shipping in the Strait of Hormuz. Additionally, the U.S. Navy reinstated the naval blockade that ended on June 17 after the Islamabad MOU was signed. Despite this, Trump cancel"
2026-07-16,0.34,Increased,0.85,0.4,3,-0.51,-0.72,0,"Iran says eight killed in latest US strikes, warns war ‘will spread’ | Iran says civilian infrastructure hit by latest U.S. strikes, expands attacks to Syria, Bahrain | Iran War Updates: U.S. Launches New Strikes, as Tensions Escalate Over Strait of Hormuz","The U.S. military launched strikes against Iran for a sixth consecutive day. Explosions were reported in Iran's Qeshm Island, Bushehr, Ahvaz, and Bandar Abbas. A bridge in Bandar Khamir was targeted along with a truck, killing the driver. Additionally, Tasnim News Agency reported that American fight"
2026-07-17,-0.29,Increased,0.85,0.51,2,-1.01,3.87,2,"Two U.S. service members killed in Jordan, one missing; Iran threatens 'unforgettable lessons' after calling off interim peace agreement | Iran says civilian infrastructure hit by latest U.S. strikes, expands attacks to Syria, Bahrain | Two US troops killed and one missing in Jordan after Iranian attacks | US-Israel war on Iran",On July 17 oil jumped more than 4 percent after Kuwait claimed Iran attacked a power and desalinization plant.
2026-08-03,1.5,Unclear,0.15,0.15,-3,1.47,-6.35,-7,"Iran denies seeking halt to US attacks, agreement to reopen Strait of Hormuz | Trump threatens more strikes on Iran. Tensions from Hormuz to Kuwait and Gaza lead to more warnings | Iran threatens to strike other nations’ energy fields if US launches fresh attacks","The New York Times reported, citing state and local officials, that evidence leads to Iran in a series of cyberattacks against water systems in at least seven US states, with Michigan being the second state to report the attacks publicly. On 2 August, after Qatari efforts to head off the attacks and open the Hormuz and Saudi Crown Prince Mohammed bin Salman expressed concern about Trump's plans fo"
2026-08-07,0.14,Unclear,0.18,0.09,-6,0.62,1.06,-1,"Trump says Mideast allies have reached outlines of deal to end Iran war, US to stop new strikes | UAE says Iran attacked ADNOC vessel with missile in Strait of Hormuz | New talks ‘last chance’ for Iran to forge deal, avoid escalation of US strikes: Trump","CNN reported that Gen. Dan Caine has privately urged Trump advisers to seek an off-ramp from the war, warning that escalation could backfire and that airstrikes alone are unlikely to meet the administration's goals. While a decisive defeat of the Iranian regime would likely require a large ground op"
2026-08-10,0.66,Unclear,0.15,0.15,6,-0.06,4.17,0,US Iran war: Trump may ditch nuclear deal plan if Tehran reopens Hormuz | Trump may 'end war' without a nuclear deal with Iran: Reopening Hormuz key condition as US deploys 20+ wars... | New Attacks on Shipping as Iran War Talks Hit Fresh Impasse,The IRGC stated that reopening the Hormuz is not dependent on talks with Oman but rather on the US accepting Iran's conditions. The UAE stated that Iran attacked an Abu Dhabi National Oil Company tanker in the Hormuz. Iran's Supreme National Security Council outlined conditions for the US to fulfil
2026-08-11,0.28,Increased,0.39,0.21,-3,-0.32,1.19,2,"Iran Never Hit a U.S. Navy Nuclear Aircraft Carrier. It Still Moved Them Hundreds of Miles Away from Their Missiles and Drones | New attacks on shipping as Iran war talks hit fresh impasse | US, Iran agree to extend 60-day ceasefire ahead of Aug. 17 deadline","US forces fired at the rudder of a Panama-flagged vessel that attempted to overcome its naval blockade of Iran while passing via the Gulf of Oman, without causing casualties."
2026-08-17,0.73,Increased,0.45,0.27,2,-0.52,2.35,3,"As U.S.-Iran deadline for broad peace deal expires, Trump threatens to ‘bomb’ Oman | Iran threatens new offensive while US rules out extending ceasefire deal | Trump won't extend Iran ceasefire, threatens to 'bomb' Oman if it 'gets in the way'","Iran Army Chief Amir Hatami declared that the army is offering a bounty of $30,000 for killing or capturing invading US soldiers, with the payment doubled if carried out by a woman. The office of the prime minister of the Kurdistan Region was reportedly targeted by Iranian drones. Iran called the incident a ""false flag"" attack. Iran stated that it reached an agreement with Oman over the Hormuz. Tr"
2026-08-18,0.15,Increased,0.4,0.26,0,-0.69,0.15,5,"Iran threatens military attacks while US rules out extending temporary cease-fire | Trump lets 60-day deadline for Iran peace deal expire, threatens to ‘bomb’ Oman | Trump threatens to bomb Oman with Iran war stuck in stalemate as 60-day negotiation period ends","The UAE stated that Iran fired two missile towards it, adding that one landed inside its territorial waters. The UAE then halted all trade, exchange, and financial transactions with Iran until further notice. Iran denied that it launched missiles towards the UAE, citing a ""false flag"" operation. Ana"
2026-08-20,0.82,Increased,0.66,0.26,0,-0.87,2.16,2,Iran vows 'devastating' response as US threatens crushing sanctions designed to 'collapse' regime | US allies in Asia wary as Trump moves military assets for Iran war | Iran threatens military response to US sanctions,"Declaring ""economic D-Day,"" Trump announced that any nation trading with the Iranian regime would be sanctioned. In a post on his X account, Iranian Foreign Minister Abbas Araghchi wrote that “d-economic day is a diversion from America’s own crisis,” accompanied by an image of the $40 trillion U.S. "
2026-08-24,0.64,Increased,0.51,0.15,0,-0.28,-2.22,-1,The ceasefire has expired. How could the US-Iran war escalate? | Can Trump's economic war against Iran do what airstrikes and negotiations couldn't? | Iran warns of retaliation against countries joining US ‘economic war’,"Iraq secured Iranian authorization for a number of its oil tankers to transit through the Hormuz. Iran announced it blacklisted 45 tankers which have violated its rules for passing through the Hormuz, and would take action against any vessels transferring loads with them. US Treasury Secretary Scott Bessent announced a new US sanctions campaign against the Iranian regime dubbed Operation Economi"
2026-08-25,0.99,Increased,0.43,0.13,-7,0.32,-3.59,1,"Iran’s nuclear chief says attacked nuclear sites not secure for IAEA inspection | Can Trump's economic war against Iran do what airstrikes and negotiations couldn't? | Iran vows retaliation after U.S. widens sanctions, fueling fears of escalated war","US officials with firsthand knowledge corroborated Trump's assertion that the US Navy had cleared mines from the Hormuz Traffic Separation Scheme, Oman's primary maritime corridor with Iran, adding that over the last few months, underwater drones carried out a systematic scanning of the area, identi"
2026-08-31,1.01,Increased,0.76,0.36,0,-0.33,1.18,3,"Iran claims attacks on Bahrain, Jordan, Iraq after US strikes kill 11 | Iran fires on its Gulf neighbors, retaliating for US strikes after a wedding was hit | U.S. Attacks Island in Strait of Hormuz; Iran Retaliates With Missile Fire","A recent Pentagon assessment warned Defense Secretary Pete Hegseth that sustained military operations against Iran could leave the U.S. less able to respond to threats elsewhere and protect the homeland, although Chief Pentagon Spokesman Sean Parnell dismissed the report as inaccurate. US forces sta Iran claimed to have retaliated by attacking U.S. bases in Jordan and U.S. military assets in the U"
2026-09-01,1.11,Increased,0.8,0.39,5,-0.71,4.16,2,"Iran claims attacks on Bahrain, Jordan, Iraq after US strikes kill 11 | Iran fires on U.S. allies in Gulf after night of American strikes it claims killed four at a wedding | Iran fires on its Gulf neighbors, retaliating for US strikes after a wedding was hit","The British military announced that a tanker was hit by three projectiles while getting out of the Strait of Hormuz. Following a series of reciprocal military strikes between the United States and Iran, crude oil prices rose above the $90-per-barrel level, driven by market perceptions of escalating "
2026-09-02,-0.12,Increased,0.82,0.37,0,0.46,0.98,1,"Iran fires on its Gulf neighbors, retaliating for US strikes after a wedding was hit | Iran War Latest: US Attacks Prompt Iranian Retaliation as Fighting Intensifies | US-Iran war escalates as fresh strikes hit Iran: Does peace stand a chance?",The Deputy Governor of Khuzestan Province for Security and Law Enforcement Affairs stated that a US missile attack on three areas in the province killed seven people and wounded eight others the day before. The IRGC announced that its four aerospace personnel and three Basij members were killed in 
2026-09-03,0.39,Increased,0.77,0.28,-5,1.05,-0.11,-1,"Iran fires on its Gulf neighbors, retaliating for US strikes after a wedding was hit | Pentagon says 3 Iranian tankers hit after attacks on US warships | US strikes 3 Iranian oil tankers after saying warships were targeted with ballistic missiles - Journal-News.com",Iran announced that it targeted Ahmad al-Jaber Air Base and Al Minhad Air Base. Iran media declared that six navy soldiers were killed in a US attack in south two days before. US Vice President JD Vance announced that Washington cut contact with Iran as long as it fires at vessels traveling through 
2026-09-04,0.5,Increased,0.82,0.4,3,-0.38,0.76,3,US military strikes three Iranian tankers in retaliation for missile attacks | US hits 3 Iranian tankers after IRGC fires missiles at Navy warships | Watch | U.S. Strikes Three Iranian Ships After Missiles Fired at American Aircraft Carrier,The US military announced that it had disabled ad trackers on devices following reports that commercially available location data had been used to target its soldiers in the Mideast.
2026-09-08,0.9,Increased,0.68,0.34,2,-0.59,1.64,-1,"US military strikes three Iranian tankers in retaliation for missile attacks | Hormuz traffic slows after Iran threatens retaliation for US attacks | U.S. Hits 5 Iranian Oil Tankers, Citing Attempted Strikes on Warship",Iranian army announced that air defence systems downed a General Atomics MQ-1 Predator drone above Bandar Abbas. The Revolutionary Guards also announced that they had seized a US-made Dive-LD unmanned submarine at the entrance to the Strait of Hormuz.
2026-09-11,-0.63,Increased,0.68,0.13,7,0.86,-3.02,-5,"Oil tanker rates hit record highs following Iran, US shipping attacks | Iraq closes Shalamcheh border crossing with Iran after Saudi drone attacks - Reuters | Trump says war to end ""immediately"" after midterms as Iran damages U.S. jets in strikes","The Houthis recaptured the island of Perim, opening a new front in the war. The Houthis completed their takeover of the Bab el-Mandeb area after capturing the island, which sits in the middle of the shipping lane and divides the strait into two navigable channels. Saudi Crown Prince Mohammed bin Sal"
2026-09-14,1.16,Increased,0.44,0.3,2,-0.48,1.07,6,"Iran-backed Houthis claim to hit Saudi base with missiles, drones amid renewed fighting | Iraq probes drone strikes on Saudi Arabia, shuts three crossings to Iran | Iran hardliners said to have launched attacks in defiance of leaders, sabotaging peace deal","The US restricted air defence time slots for vessels traversing Hormuz, limiting guaranteed military protection to two specific time windows per day instead of continuous overnight coverage, after increased Iranian attacks on ships travelling at night. Trump stated that Iran was ""probably responsibl Missiles targeted three Iranian Kurdish opposition camps in Sulaymaniyah. Trump announced that he i"
2026-09-15,2.07,Increased,0.76,0.37,2,-0.45,3.07,5,"Saudi strikes and Houthi attacks widen Middle East war | New photos show widespread damage at U.S. positions caused by Iranian missile, drone attacks | Iran war cost hits $38 billion, forecast to rise $3 billion a month, CBO says",The Iranian government rejected any negotiations with the US until its demands are met. The US military announced that it destroyed two Iranian small boats the day before following an IRGC attempt to capture one of its Navy drones patrolling Hormuz. Fars News Agency reported that the IRGC intercepte
2026-09-17,0.77,Increased,0.69,0.24,-7,1.13,-1.01,0,"Iran in, Abbas out: Trump threatens new strikes as US grants Tehran leaders UN visas | Houthi media says Saudi strikes kill one, hit telecom towers in Yemen | US approves visas for top Iranian leaders to attend UN high-level meeting even with sides at war","In an interview with Axios, Trump stated that he faces a ""big decision"" on whether to resume large-scale military attacks against the Iranian regime or pursue a diplomatic agreement to end the almost seven-month-old conflict. Trump announced that he would consult with leaders from six Gulf Cooperati"
