variable,code,units,IV nu1,t1,IV nu2,t2,IV nu3,t3,Var L,Var H,Pred dVar,% expl H,% expl all,dVar(base),dCov,nH,nL
Ten-year Treasury yield,UST10Y,pp chg,-0.2777693704600503,1.3042397880712562,-0.37374012530645856,2.096711091285838,-0.3742599967770179,2.098815617106375,0.0025199999999999936,0.001666666666666659,-0.0016733761131737192,,,-0.0004894814814814757,-0.0005438518518518505,45,45
10y break-even inflation,BEI10Y,pp chg,0.08456920903955045,0.36551411082351254,-0.12794512376976067,0.6165905501074134,-0.002041584765022975,0.024177069887690198,0.00042666666666666325,0.0005155555555555548,-4.979452325447199e-08,,,-0.0004894814814814757,0.00016558024691358325,45,45
S&P 500,SPX,pct chg,4.585793775539208,0.5983972327996433,2.716473037796746,0.4141112204067213,3.48487811103258,1.077478457602286,0.6626487901976076,0.637911649696874,-0.14698865088600904,,,-0.0005252207937965461,0.008875248394836496,45,44
BBB corporate OAS,BBB_OAS,pp chg,0.030493341404358443,0.4975356835330648,-0.03349875930521258,0.12147790434180662,0.024819850704126945,0.419446556519797,0.0001266666666666659,0.0001377777777777773,-7.359445201623077e-06,,,-0.0004894814814814757,5.9703703703703226e-05,45,45
High-yield corporate OAS,HY_OAS,pp chg,-0.0398759079903157,0.13209810895677712,5.578747628083412,0.15352047360701404,0.33873781899055005,0.6056491567668292,0.001248888888888885,0.0029911111111111115,-0.001370800076972913,,,-0.0004894814814814757,-7.807407407407524e-05,45,45
WTI front-month future,WTI_FUT,$ chg,1.5595582745479244,0.07058862131468234,-472.33671908941267,0.07940371429066563,-23.066917591485087,0.7005191740267822,6.496459320698208,11.863625655321004,-6.440027869468778,,,-0.0005252207937965461,0.0013723878155412067,45,44
Gold future,GOLD,$ chg,597.2384605375103,0.6706928243352481,-1549.7562960969635,0.7038454761015843,-659.8432419213643,0.4764221330271635,6825.656706354835,13543.9352014184,-5269.751846750214,,,-0.0005252207937965461,1.1490334112062408,45,44
Broad trade-weighted dollar,USD_BROAD,pct chg,-1.0871121498554042,0.769344159814503,1.5609025851378382,0.4634631431810464,-0.07945491072633908,0.06186735090412888,0.053090287689135034,0.07149579150654603,-6.884813111180048e-05,,,-0.00046511403459454856,-0.0023068624308490234,42,44
10y TIPS real yield,TIPS10Y,pp chg,-0.3623385794995982,0.9743872904564318,-0.2491646944173756,2.5299686338609173,-0.22200557268718557,1.8844613018397243,0.001791111111111109,0.0010044444444444426,-0.0005888090796870893,,,-0.0004894814814814757,-0.0007094320987654281,45,45
Brent front-month future,BRENT_FUT,$ chg,2.2376205401858424,0.09549045125000927,-432.6904524291089,0.11166423432873382,-27.498794538588477,0.7260126183336213,7.2546676494331965,14.348497896737536,-9.152419777542471,,,-0.0005252207937965461,0.002585832109695707,45,44
DXY dollar index,DXY,pct chg,-1.1225488642886945,0.7143184280680832,2.768394504828258,0.33690662211361294,-0.4852688258418749,0.29768252459870137,0.10023379050810716,0.1181497260451166,-0.002850187322566389,,,-0.0005252207937965461,-0.002286241060252772,45,44
EUR/USD,EURUSD,pct chg,-0.8358250270653766,0.40162767886248246,-1.030204444927005,0.11689954098117096,-0.8592843474841,0.42908672151186367,0.1471754361812723,0.13647501249542685,-0.008821055366516372,,,-0.0004894814814814757,-0.0016364834900290228,45,45
USD/JPY,USDJPY,pct chg,0.3626500740702354,0.1378376598400006,-4.177784892563613,0.05870730259042735,0.30691181168993154,0.11916669415129887,0.3457503490598349,0.3605081029737384,-0.0011253145959826205,,,-0.0004894814814814757,0.0007100419820610654,45,45
USD/CHF,USDCHF,pct chg,-0.16000882567766767,0.07186687002439907,4.706878496448138,0.04269296938915579,-0.11751695716685376,0.05174568692542732,0.23488927169141516,0.23985502849663526,-0.0001649862767825787,,,-0.0004894814814814757,-0.0003132854281712675,45,45
VIX,VIX,pt chg,-10.476100095200612,0.5596064538271016,0.9497169566470012,0.10090889448918582,-2.184945975687789,0.3412997586386639,1.6490522727272732,1.687633333333333,-0.05778166140924979,,,-0.0005252207937965461,-0.01986450255076004,45,44
20y+ Treasury ETF (TLT),TLT,pct chg,2.0744215822432324,0.7485002089054901,7.200496778243254,0.8524415076267087,1.6146724773097179,0.5868874048054891,0.4512091556820627,0.33002330324876533,-0.03155567713626234,,,-0.0005252207937965461,0.0044047187397869385,45,44
HY bond ETF (HYG),HYG,pct chg,0.5551020829666009,0.3737269204910347,-5.002306195499653,0.2033778825637756,1.1123114408314922,0.6920912295216951,0.07275817724169188,0.08812218652070053,-0.01497481366687549,,,-0.0005252207937965461,0.0012207564904910522,45,44
Euro Stoxx 50,STOXX50,pct chg,-2.6840772477349013,0.3185096793804456,16.011687665114785,0.5250742322552002,2.5490744584164053,0.40153065268710253,0.7334801503255104,1.0787458741632157,-0.08059445917993845,,,-0.0005329972030894458,-0.004892338033984851,44,43
Nikkei 225,NIKKEI,pct chg,3.113406298780141,0.3490909585826525,56.858856845017264,0.4163136754448507,10.758016809451991,0.705469177244144,3.490842600241769,2.0172584942613203,-1.2653685206854608,,,-0.0005134353741496557,0.006394131711576304,42,42
EM equities (EEM),EEM,pct chg,0.9939239850263576,0.09870124116254969,60.36146729070192,0.10498449514871223,-1.4079720365735782,0.1554883163209885,3.006510700377486,2.8607007360813865,-0.023993669786642437,,,-0.0005252207937965461,0.0026609680400971683,45,44
Tel Aviv 35,TA35,pct chg,20.339192154387987,0.4641149589451707,2.5099717573314164,0.4478788794162508,4.194587562854295,0.8730830596382597,1.8260373156207907,1.438690007365009,-0.18206947078609842,,,-0.0004983564775772513,0.03150475691097315,44,42
Saudi equities (KSA ETF),KSA,pct chg,-2.2433166653255907,0.33111162924197673,12.360074922417764,0.4190308651067194,0.627136287751239,0.11911976418790045,0.9601919930342574,1.1245789007639653,-0.0047602798003239695,,,-0.0005252207937965461,-0.00405192429183132,45,44
US defense ETF (ITA),ITA,pct chg,5.678668666976624,0.6122465579973434,-5.537780853668938,0.21363750927535322,2.8657851700055095,0.3528328535694389,2.3739082812237067,2.563026765311398,-0.09940217346849133,,,-0.0005252207937965461,0.011352414017080557,45,44
US airlines ETF (JETS),JETS,pct chg,3.2160705005411687,0.26524488867706275,-120.43902238767761,0.21927188448606003,6.3997223985893665,0.4701774378746955,3.7610293917884574,6.693987245872287,-0.4957136645300638,,,-0.0005252207937965461,0.00696076730072117,45,44
US energy ETF (XLE),XLE,pct chg,8.885027685083674,0.4395880120612399,-7.511887753066985,0.7269600689734327,-0.35591663735028545,0.06067176688732469,2.027960810549431,2.3661372154215554,-0.0015332225493177093,,,-0.0005252207937965461,0.016258565931522216,45,44
Henry Hub natgas future,NATGAS,pct chg,-59.74095133398251,0.5647508626293485,-114.27792583123849,0.7006044816041272,-95.79969337428237,0.7688179073480146,102.59797573736172,45.781049398462315,-111.08025209824929,,,-0.0005252207937965461,-0.11340448494193375,45,44
Dry-bulk shipping ETF (BDRY),BDRY,pct chg,3.4044680590098912,0.23584879159489225,-79.48275368783574,0.2758163405091312,-2.536546758351013,0.19097420265353382,5.166899582935104,6.827935652641617,-0.07787433723753873,,,-0.0005252207937965461,0.006416431379033055,45,44
Bitcoin,BTC,pct chg,41.316436258000685,0.5956551710267244,-29.857713708819432,2.260533849768495,-20.948685773361255,1.4892833495352078,4.387536831565001,13.732326606914254,-5.242764031005309,,,-0.0004894814814814757,0.08089452171640474,45,45
