date,event,war_risk
2026-01-09,Iranian protest crackdown and supply-risk worries lift oil 2%,Increased
2026-01-15,Trump remarks make conflict with Iran look less likely; oil -4%,Decreased
2026-01-30,Reports Trump considering an Iran strike; oil at six-month high,Increased
2026-02-02,Iran conditionally agrees to nuclear talks while Gulf allies warn of missile threat,Unclear
2026-02-05,US and Iran agree to talks in Oman; oil -3%,Decreased
2026-02-12,Reports of good chance of resolving the Iran standoff; oil -3%,Decreased
2026-02-18,Trump warns of 'bad things' as carrier approaches; oil +4%,Increased
2026-02-26,Geneva talks end without a deal as threat of war grows,Increased
2026-02-27,Trump orders Operation Epic Fury (strikes begin after US close); talks 'extended',Unclear
2026-03-02,First trading day after US-Israeli strikes kill Khamenei; Iranian retaliation across Gulf,Increased
2026-03-06,Trump demands unconditional surrender; oil +35% on the week,Increased
2026-03-09,Trump says US considering taking over Strait of Hormuz; oil -6% from near $120,Decreased
2026-03-13,Oil settles above $100; new Supreme Leader vows Strait closure,Increased
2026-03-23,Trump extends deadline and says Iran eager for a deal; oil -$12,Decreased
2026-03-26,Trump again extends deadline; Israel strikes nuclear sites,Unclear
2026-04-08,Pakistan-brokered two-week US-Iran ceasefire; oil -16%,Decreased
2026-04-13,Islamabad talks fail; US announces naval blockade,Increased
2026-04-17,Ceasefire agreement extended/established,Decreased
2026-05-05,Operation Epic Fury formally concluded,Decreased
2026-06-08,Israel-Iran missile exchange; Trump imposes mutual suspension,Increased
2026-06-10,US launches second Tomahawk strike round on Iran,Increased
2026-06-12,Pakistan announces 'final agreed' deal text; Trump cancels strikes,Decreased
2026-06-15,Deal virtually signed by Trump and Vance,Decreased
2026-06-17,14-point memorandum signed by Trump and Pezeshkian,Decreased
2026-06-18,US lifts naval blockade; tankers transit Hormuz,Decreased
2026-06-22,Iran declares Hormuz closed again (20 Jun) over Israeli strikes in Lebanon,Increased
2026-06-29,First US-Iran stand-down agreed after strike cycle,Decreased
2026-07-07,Iran strikes three commercial vessels; US revokes oil licence,Increased
2026-07-08,Trump declares ceasefire 'over'; 80-target strike round,Increased
2026-07-13,Trump announces 20% Hormuz toll; naval blockade goes live,Unclear
2026-07-15,Blockade turns kinetic; status 'war resumed',Increased
2026-07-20,First US troops killed since March (18 Jul); Iranian 72-hour ultimatum,Increased
2026-07-21,Houthis declare Bab el-Mandeb blockade,Increased
2026-07-23,Oil reaches $100; Houthi attacks on Saudi ships,Increased
2026-07-27,Strike pause holds; oil breaks below $90,Decreased
2026-07-29,Pause ends; Iran fires ballistic missiles at US forces,Increased
2026-08-03,Trump calls off planned strikes after Saudi appeal; deal 'imminent' (1-2 Aug),Decreased
2026-08-07,Hormuz fee fight; deal concedes Iranian control of the Strait,Unclear
2026-08-14,Trump claims sovereignty over the Strait of Hormuz,Increased
2026-08-17,Memorandum expires; Trump threatens to bomb Oman,Increased
2026-08-19,UAE suspends all trade with Iran,Increased
2026-08-24,'Operation Economic Outcast' sanctions campaign; rial record low,Unclear
2026-08-31,US strikes launchers preparing to mine the Strait (30 Aug); Iran hits US bases in Jordan/UAE,Increased
2026-09-01,CENTCOM strikes southern Iran after two supertankers hit,Increased
2026-09-02,IRGC fires on US positions in four countries,Increased
2026-09-09,Five tankers sunk; twenty missiles at al-Azraq,Increased
2026-09-10,Brent breaks $100 as tanker war becomes general assault on shipping,Increased
2026-09-14,Trump signals openness to a deal,Decreased
2026-09-15,House votes 220-204 to end the war,Decreased
