index,r_level,rho_level,t_level_NW,p_level_NW,n,r_change,t_change_NW,p_change_NW,n_change
ktsi_tone,-0.3309,-0.2798,-1.5906,0.1117,39,0.0284,0.2224,0.824,38
ktsi_prodem,-0.1082,-0.1063,-0.8645,0.3873,39,-0.0696,-0.4828,0.6293,38
p,-0.8346,-0.8803,-9.2774,0.0,39,-0.0533,-0.4264,0.6698,38
ktsi_prodem ~ ACA / Medicaid insurers,-0.0356,0.0964,-0.3078,0.7582,39,-0.0238,-0.2166,0.8285,38
p ~ ACA / Medicaid insurers,0.2967,0.2213,1.5104,0.1309,39,-0.155,-0.9262,0.3543,38
ktsi_prodem ~ AI power / data centres,0.0879,0.0589,0.7198,0.4716,39,0.1908,1.458,0.1449,38
p ~ AI power / data centres,-0.5453,-0.465,-3.4968,0.0005,39,0.0233,0.1419,0.8871,38
ktsi_prodem ~ Clean energy,-0.102,-0.1379,-0.6879,0.4915,39,0.0576,0.3509,0.7257,38
p ~ Clean energy,-0.6709,-0.5227,-4.2176,0.0,39,-0.0014,-0.0114,0.9909,38
ktsi_prodem ~ Crypto,0.1624,0.2047,1.1777,0.2389,39,0.0297,0.2048,0.8377,38
p ~ Crypto,0.4802,0.4869,2.987,0.0028,39,0.1387,1.0193,0.3081,38
ktsi_prodem ~ Defense,0.0589,-0.0401,0.4466,0.6552,39,-0.012,-0.0605,0.9517,38
p ~ Defense,-0.5431,-0.4287,-3.1948,0.0014,39,0.2639,1.4634,0.1433,38
ktsi_prodem ~ Domestic steel,-0.1198,-0.2045,-1.1718,0.2413,39,0.1046,0.7122,0.4763,38
p ~ Domestic steel,-0.5327,-0.5765,-4.5029,0.0,39,-0.3089,-2.2674,0.0234,38
ktsi_prodem ~ For-profit education,0.1252,0.0204,0.9522,0.341,39,-0.0672,-0.4032,0.6868,38
p ~ For-profit education,-0.0385,0.0212,-0.1878,0.851,39,0.1104,0.7113,0.4769,38
ktsi_prodem ~ Hospitals,0.1224,0.0538,1.1466,0.2516,39,-0.2717,-2.0671,0.0387,38
p ~ Hospitals,-0.3437,-0.2434,-1.8396,0.0658,39,0.0246,0.1775,0.8591,38
ktsi_prodem ~ Immigration detention,0.0131,0.0516,0.0995,0.9208,39,-0.1451,-1.0121,0.3115,38
p ~ Immigration detention,0.5153,0.5526,3.2884,0.001,39,-0.2309,-1.6056,0.1084,38
ktsi_prodem ~ Oil and gas,0.0364,0.0779,0.2695,0.7875,39,0.0203,0.1592,0.8735,38
p ~ Oil and gas,0.7343,0.8075,3.5929,0.0003,39,-0.0171,-0.1245,0.9009,38
ktsi_prodem ~ Pharma (drug pricing),0.2252,0.2455,1.2421,0.2142,39,0.0438,0.3211,0.7482,38
p ~ Pharma (drug pricing),0.5578,0.4609,3.666,0.0002,39,-0.0937,-0.5106,0.6096,38
ktsi_prodem ~ Tariff-exposed importers,0.2922,0.2093,1.4093,0.1588,39,0.2193,1.9281,0.0538,38
p ~ Tariff-exposed importers,-0.4183,-0.456,-3.1121,0.0019,39,-0.0752,-0.4917,0.6229,38
