,beta_H1,beta_H2
HCA,0.3987,-0.2356
THC,-0.3287,-0.4691
UHS,0.075,-0.2088
CYH,0.4318,-0.4508
CNC,-1.8698,-0.2683
MOH,-0.2908,-0.1387
OSCR,-0.6612,-0.3152
ELV,-0.5681,-0.3098
FSLR,-0.0383,-0.3929
ENPH,-0.4927,0.2927
RUN,0.1461,0.6035
NEE,-0.2475,-0.1759
SEDG,-0.9815,0.9051
NKE,-0.0213,-0.1438
DECK,1.0182,-0.1114
HAS,-0.1122,-0.3756
BBY,0.0708,0.3494
DLTR,-0.2346,-0.4288
GEO,-0.9922,-0.4446
CXW,-0.4094,-0.5853
LMT,0.383,0.1208
NOC,0.5399,0.2405
GD,-0.197,-0.1668
HII,0.4196,-0.0028
LHX,0.4315,0.1502
XOM,-0.3312,-0.1953
CVX,0.0995,-0.0932
COP,0.0239,-0.3155
OXY,0.3952,-0.222
DVN,-0.3274,-0.1876
COIN,0.417,0.4729
HOOD,-0.1153,0.0632
MSTR,-0.2826,1.1697
CRCL,0.6662,0.4437
NUE,-0.7512,-0.2902
STLD,-0.6936,-0.0601
CLF,-1.1576,0.006
LOPE,0.2206,-0.2704
STRA,0.0454,-0.3549
PRDO,0.6449,-0.3863
VST,0.6068,-0.179
CEG,0.3908,-0.5582
TLN,0.0498,-0.0543
PFE,-0.1018,-0.095
MRK,0.3446,-0.1343
BMY,0.0858,-0.2967
ABBV,-0.4256,-0.2651
