target,index,r_level,rho_level,t_level_NW,p_level_NW,n,r_change,t_change_NW,p_change_NW,n_change
p,ktsi_tone,0.3756,0.3398,1.8286,0.0675,40,-0.0872,-0.6624,0.5077,39
p,ktsi_prodem,0.1187,0.1145,0.9512,0.3415,40,-0.0212,-0.1688,0.8659,39
p,ktsi_vader,-0.1088,-0.044,-1.1184,0.2634,40,-0.0054,-0.052,0.9585,39
p,ktsi_tone_eqw,-0.0351,-0.0377,-0.2303,0.8179,40,-0.0897,-0.926,0.3544,39
p,ktsi_prodem_eqw,0.2354,0.2788,2.0398,0.0414,40,-0.0518,-0.5076,0.6117,39
p,tone|Economy,-0.3758,-0.5069,-1.9349,0.053,40,-0.2858,-2.4273,0.0152,39
p,tone|Democracy,0.4743,0.459,2.8071,0.005,40,-0.0214,-0.1288,0.8975,39
p,tone|Iran war,-0.1776,-0.2063,-1.1068,0.2684,40,-0.0614,-0.4808,0.6307,39
p,tone|Corruption,0.3476,0.3698,2.1313,0.0331,40,-0.0115,-0.0934,0.9256,39
p,tone|Immigration,0.1422,0.1472,0.6663,0.5052,40,-0.1089,-0.8759,0.3811,39
p,tone|Health care,0.1705,0.2058,1.314,0.1889,40,0.1744,1.1977,0.231,39
p,tone|AI/data centres,-0.3723,-0.4027,-2.1341,0.0328,40,0.036,0.2048,0.8377,39
p,tone|Tariffs,-0.1312,-0.2198,-0.6189,0.536,40,-0.0475,-0.3537,0.7236,39
p,pro_dem|Economy,0.5292,0.5881,5.2824,0.0,40,0.1959,1.5211,0.1282,39
p,pro_dem|Democracy,-0.0283,-0.0313,-0.1918,0.8479,40,-0.0938,-0.8318,0.4055,39
p,pro_dem|Iran war,0.062,0.0312,0.5837,0.5594,40,0.1202,0.984,0.3251,39
p,pro_dem|Corruption,-0.1511,-0.1771,-1.1111,0.2665,40,0.0342,0.2271,0.8204,39
p,pro_dem|Immigration,0.2675,0.2969,2.6731,0.0075,40,-0.0405,-0.3284,0.7426,39
p,pro_dem|Health care,0.0029,0.061,0.0175,0.986,40,-0.3198,-3.6241,0.0003,39
p,pro_dem|AI/data centres,-0.195,-0.2653,-1.5434,0.1227,27,-0.0864,-0.6418,0.521,26
p,pro_dem|Tariffs,-0.0168,0.0038,-0.0789,0.9371,40,-0.0943,-0.8568,0.3916,39
poly_DD,ktsi_tone,0.3829,0.3561,1.8592,0.063,40,-0.0849,-0.6513,0.5148,39
poly_DD,ktsi_prodem,0.1279,0.1156,1.0488,0.2943,40,0.0825,0.6294,0.5291,39
poly_DD,ktsi_vader,-0.1059,-0.0277,-1.0207,0.3074,40,-0.0746,-0.7005,0.4836,39
poly_DD,ktsi_tone_eqw,-0.0374,-0.0424,-0.2448,0.8066,40,-0.0895,-0.8233,0.4104,39
poly_DD,ktsi_prodem_eqw,0.231,0.2671,1.9642,0.0495,40,-0.0755,-0.6808,0.496,39
poly_DD,tone|Economy,-0.3773,-0.5267,-1.8556,0.0635,40,-0.2714,-2.1933,0.0283,39
poly_DD,tone|Democracy,0.4803,0.4656,2.8786,0.004,40,-0.026,-0.1706,0.8646,39
poly_DD,tone|Iran war,-0.175,-0.1977,-1.0587,0.2897,40,-0.118,-0.9371,0.3487,39
poly_DD,tone|Corruption,0.3644,0.391,2.258,0.0239,40,0.0732,0.611,0.5412,39
poly_DD,tone|Immigration,0.1285,0.1527,0.603,0.5465,40,-0.1555,-1.1996,0.2303,39
poly_DD,tone|Health care,0.1715,0.1733,1.327,0.1845,40,0.2014,1.6795,0.0931,39
poly_DD,tone|AI/data centres,-0.3838,-0.3888,-2.1687,0.0301,40,0.0449,0.2256,0.8215,39
poly_DD,tone|Tariffs,-0.1286,-0.2144,-0.6377,0.5236,40,-0.0621,-0.4642,0.6425,39
poly_DD,pro_dem|Economy,0.5129,0.5847,5.2753,0.0,40,0.1107,0.9792,0.3275,39
poly_DD,pro_dem|Democracy,-0.0048,-0.011,-0.0324,0.9741,40,0.0432,0.3169,0.7513,39
poly_DD,pro_dem|Iran war,0.0411,0.0109,0.3672,0.7135,40,0.0641,0.4763,0.6338,39
poly_DD,pro_dem|Corruption,-0.1697,-0.2247,-1.2854,0.1987,40,0.127,0.6639,0.5068,39
poly_DD,pro_dem|Immigration,0.2772,0.295,2.6921,0.0071,40,-0.0209,-0.1923,0.8475,39
poly_DD,pro_dem|Health care,-0.0149,0.0526,-0.0916,0.927,40,-0.3936,-2.7738,0.0055,39
poly_DD,pro_dem|AI/data centres,-0.173,-0.2252,-1.3941,0.1633,27,-0.1453,-1.1566,0.2474,26
poly_DD,pro_dem|Tariffs,-0.0213,0.0075,-0.0988,0.9213,40,-0.1463,-0.8786,0.3796,39
kalshi_DD,ktsi_tone,0.3662,0.3142,1.8202,0.0687,40,-0.0468,-0.2747,0.7836,39
kalshi_DD,ktsi_prodem,0.1051,0.0908,0.8296,0.4068,40,-0.1121,-0.9445,0.3449,39
kalshi_DD,ktsi_vader,-0.1057,-0.0429,-1.1324,0.2575,40,0.0632,0.5613,0.5746,39
kalshi_DD,ktsi_tone_eqw,-0.0311,-0.043,-0.2055,0.8372,40,-0.0629,-0.5512,0.5815,39
kalshi_DD,ktsi_prodem_eqw,0.2362,0.2705,2.0772,0.0378,40,-0.0342,-0.3208,0.7484,39
kalshi_DD,tone|Economy,-0.3712,-0.4775,-2.0064,0.0448,40,-0.254,-1.922,0.0546,39
kalshi_DD,tone|Democracy,0.4656,0.4558,2.7647,0.0057,40,0.0165,0.081,0.9354,39
kalshi_DD,tone|Iran war,-0.1783,-0.2382,-1.1578,0.247,40,-0.0016,-0.0129,0.9897,39
kalshi_DD,tone|Corruption,0.3275,0.3257,2.0201,0.0434,40,-0.0721,-0.5184,0.6042,39
kalshi_DD,tone|Immigration,0.1526,0.1661,0.7211,0.4708,40,-0.0597,-0.4184,0.6757,39
kalshi_DD,tone|Health care,0.1671,0.199,1.2494,0.2115,40,0.1249,0.6722,0.5015,39
kalshi_DD,tone|AI/data centres,-0.3552,-0.389,-2.0685,0.0386,40,0.0187,0.1138,0.9094,39
kalshi_DD,tone|Tariffs,-0.1296,-0.2199,-0.5875,0.5569,40,-0.0107,-0.0664,0.947,39
kalshi_DD,pro_dem|Economy,0.5389,0.5687,5.1433,0.0,40,0.2321,1.716,0.0862,39
kalshi_DD,pro_dem|Democracy,-0.0542,-0.0697,-0.3701,0.7113,40,-0.1959,-2.089,0.0367,39
kalshi_DD,pro_dem|Iran war,0.0803,0.0525,0.7947,0.4268,40,0.1464,1.2828,0.1996,39
kalshi_DD,pro_dem|Corruption,-0.1322,-0.144,-0.9498,0.3422,40,-0.0615,-0.4598,0.6456,39
kalshi_DD,pro_dem|Immigration,0.2568,0.269,2.6315,0.0085,40,-0.0484,-0.3479,0.7279,39
kalshi_DD,pro_dem|Health care,0.0193,0.0673,0.113,0.91,40,-0.2083,-1.7884,0.0737,39
kalshi_DD,pro_dem|AI/data centres,-0.2156,-0.301,-1.6852,0.092,27,-0.004,-0.0278,0.9779,26
kalshi_DD,pro_dem|Tariffs,-0.0099,0.0079,-0.0477,0.9619,40,-0.0392,-0.3972,0.6912,39
