name,beta_daily,t_daily,n_daily,beta_weekly,t_weekly,n_weekly,car_2026_pct,sign
[ACA / Medicaid insurers],-0.0852,-0.5641,189,-0.5317,-1.7364,39,52.2297,1.0
[AI power / data centres],0.1085,0.5484,189,0.0236,0.062,39,-37.0373,-1.0
[Clean energy],0.0959,0.3567,189,-0.1217,-0.333,39,-55.1013,1.0
[Crypto],0.0472,0.2418,189,0.3795,0.9337,39,5.9498,-1.0
[Defense],0.0242,0.2268,189,0.1661,0.915,39,-32.1533,-1.0
[Domestic steel],-0.2717,-1.5284,189,-0.4797,-1.7905,39,-9.4776,-1.0
[For-profit education],-0.1059,-0.7031,189,-0.0344,-0.2224,39,0.252,-1.0
[Hospitals],0.0283,0.2403,189,-0.0634,-0.39,39,-28.65,1.0
[Immigration detention],-0.2946,-1.1985,189,-0.5691,-1.8949,39,88.2434,-1.0
[Oil and gas],-0.0011,-0.0063,189,-0.1284,-0.6112,39,33.4308,-1.0
[Pharma (drug pricing)],-0.0522,-0.5983,189,-0.1002,-0.6225,39,14.9628,-1.0
[Tariff-exposed importers],-0.1059,-0.7158,189,-0.008,-0.0429,39,-7.601,1.0
[BASKET],0.0515,0.5127,189,-0.0884,-0.5547,39,-17.802,
[LONG leg],-0.0167,-0.2105,189,-0.1812,-1.9186,39,-9.7807,
[SHORT leg],-0.0682,-0.9433,189,-0.0928,-1.0143,39,8.0213,
