date,dP,basket_AR_pct,long_AR_pct,short_AR_pct,signed_basket_AR_pct
2026-01-26,0.0225,2.4694,-0.2799,-2.7493,2.4694
2026-02-17,0.0425,0.5156,0.7507,0.235,0.5156
2026-03-09,0.0275,0.3709,0.0081,-0.3628,0.3709
2026-04-27,-0.025,1.0764,1.1219,0.0455,-1.0764
2026-08-11,0.02,-0.9885,-0.1513,0.8372,-0.9885
2026-09-14,0.025,1.2818,1.3272,0.0454,1.2818
2026-09-15,0.025,-1.4376,-1.0996,0.338,-1.4376
2026-09-16,0.025,0.1698,-0.4391,-0.6089,0.1698
2026-09-17,0.025,-0.0157,0.1556,0.1713,-0.0157
2026-09-21,0.02,1.2247,-1.139,-2.3637,1.2247
2026-09-22,0.02,0.9874,0.1686,-0.8189,0.9874
2026-09-24,-0.03,-2.939,-2.1438,0.7952,2.939
