,-4,-3,-2,-1,0,1,2,3,4
ktsi_tone,0.106,-0.369,0.086,0.001,-0.087,0.104,0.044,-0.072,0.017
ktsi_prodem,-0.47,0.248,-0.103,0.037,-0.021,-0.04,0.272,-0.219,0.055
ktsi_vader,0.139,-0.139,-0.053,-0.028,-0.005,0.038,-0.023,-0.145,0.097
tone|Economy,0.204,-0.199,0.144,-0.142,-0.286,0.216,-0.165,0.479,-0.286
tone|Democracy,0.232,-0.408,0.141,0.013,-0.021,-0.043,0.21,-0.045,-0.098
tone|Iran war,-0.108,-0.056,0.115,-0.12,-0.061,0.191,-0.272,-0.128,0.233
tone|Corruption,-0.25,0.072,-0.141,0.054,-0.012,0.2,-0.095,-0.134,0.118
tone|Immigration,0.039,-0.043,-0.142,0.125,-0.109,-0.035,-0.04,-0.043,0.14
tone|Health care,-0.032,0.051,-0.025,-0.215,0.174,0.117,-0.096,0.066,0.014
tone|AI/data centres,-0.108,0.183,-0.15,0.128,0.036,-0.017,0.074,-0.275,0.195
tone|Tariffs,-0.069,-0.068,-0.137,0.263,-0.047,-0.168,0.136,0.031,-0.142
pro_dem|Economy,-0.416,0.164,-0.045,0.108,0.196,-0.241,0.257,-0.253,0.016
pro_dem|Democracy,-0.311,0.138,0.035,-0.077,-0.094,0.037,0.095,-0.043,-0.004
pro_dem|Iran war,-0.268,0.178,-0.089,-0.049,0.12,-0.174,0.201,-0.003,-0.071
pro_dem|Corruption,-0.177,-0.012,-0.062,0.195,0.034,0.021,0.138,-0.339,0.265
pro_dem|Immigration,0.232,0.122,-0.307,0.169,-0.041,0.119,0.159,-0.022,-0.044
pro_dem|Health care,0.045,-0.059,-0.196,0.167,-0.32,0.158,0.28,-0.106,-0.136
pro_dem|AI/data centres,-0.114,0.006,-0.278,-0.057,-0.266,-0.083,-0.193,-0.131,0.125
pro_dem|Tariffs,0.026,-0.121,0.018,0.039,-0.094,0.035,-0.096,0.062,-0.088
