issue,n_docs,share_bluesky,share_lemmy,share_mastodon,share_news,share_reddit,voter_share,news_share,share_of_all_docs,poll_BGSU_Sep2026,rank_voter,rank_news
Democracy & election integrity,11477,0.526877649909146,0.48819742489270385,0.3880070546737213,0.31183970856102006,0.5531161473087819,0.4890495691960883,0.31183970856102006,0.2502998713279393,threats to democracy 24%,1,1
Corruption & accountability,2633,0.13279830405814658,0.07761087267525035,0.15520282186948853,0.04626593806921676,0.10198300283286119,0.11689875035893665,0.04626593806921676,0.057422633197391666,government corruption 30%,2,7
Iran war & foreign policy,2177,0.06791338582677166,0.13090128755364808,0.10052910052910052,0.10418943533697632,0.12110481586402266,0.10511214744338573,0.10418943533697632,0.04747780952173249,"Middle East conflict 10%, foreign affairs 6%",3,4
Economy & cost of living,1901,0.06117504542701393,0.07618025751072961,0.0975896531452087,0.11785063752276867,0.04745042492917847,0.07059884525303269,0.11785063752276867,0.04145857413909668,"economy 38%, inflation 31%",4,3
Redistricting & voting rights,2519,0.07389460932768019,0.056509298998569386,0.08406819517930629,0.21147540983606558,0.05736543909348442,0.06795938564976006,0.21147540983606558,0.05493642727847687,(not listed),5,2
Immigration & ICE,1250,0.04686553603876439,0.05329041487839771,0.04644326866549089,0.06448087431693988,0.034702549575070823,0.045325442289430945,0.06448087431693988,0.027261029812662204,immigration 25%,6,5
"AI, tech & data centres",583,0.011053906723198061,0.029327610872675252,0.047619047619047616,0.0482695810564663,0.006373937677053824,0.02359362572299369,0.0482695810564663,0.012714544304625652,"AI 8%, data centres 5%",7,6
"Congress, shutdown & fiscal policy",515,0.022032101756511206,0.026108726752503576,0.006466784244562022,0.015664845173041893,0.03824362606232295,0.02321280970397494,0.015664845173041893,0.011231544282816829,,8,11
Health care,663,0.026196244700181708,0.0203862660944206,0.022339800117577895,0.03770491803278689,0.010623229461756374,0.019886385093484144,0.03770491803278689,0.014459250212636032,health care 22%,9,8
Tariffs & trade,448,0.014915202907328892,0.021101573676680974,0.019400352733686066,0.02313296903460838,0.0226628895184136,0.019520004709027382,0.02313296903460838,0.009770353084858133,(not listed; taxes/fiscal 12%),10,9
Abortion & social issues,441,0.01627801332525742,0.0203862660944206,0.03233392122281011,0.01912568306010929,0.006373937677053824,0.01884303457988549,0.01912568306010929,0.009617691317907226,"abortion 6%, LGBTQ+ 3%",11,10
