index,p_index_causes_P,p_P_causes_index
ktsi_tone,0.8765,0.9466
ktsi_prodem,0.2572,0.8669
ktsi_vader,0.9772,0.9251
tone|Economy,0.22,0.2109
tone|Democracy,0.4474,0.6347
tone|Iran war,0.2283,0.8143
tone|Corruption,0.5948,0.48
tone|Immigration,0.8523,0.77
tone|Health care,0.4946,0.7036
tone|AI/data centres,0.9215,0.4834
tone|Tariffs,0.3968,0.5627
pro_dem|Economy,0.2375,0.2095
pro_dem|Democracy,0.7401,0.7414
pro_dem|Iran war,0.452,0.8827
pro_dem|Corruption,0.6561,0.3256
pro_dem|Immigration,0.4877,0.1322
pro_dem|Health care,0.0243,0.1749
pro_dem|AI/data centres,0.7532,0.3643
pro_dem|Tariffs,0.8836,0.9879
