ticker,channel,sign,alpha_2025,beta_2025,n_est,resid_vol_2025,beta_daily,t_daily,n_daily,beta_weekly,t_weekly,n_weekly,car_2026_pct,expected_sign_ok
HCA,Hospitals,1,0.0018,0.2616,248,0.2685,-0.0533,-0.3738,189,0.0971,0.5211,39,-40.3979,True
THC,Hospitals,1,0.0014,0.9488,248,0.3734,-0.0351,-0.2512,189,-0.3247,-1.3526,39,-6.3815,False
UHS,Hospitals,1,0.0007,0.6267,248,0.3016,-0.0206,-0.1507,189,-0.0093,-0.0563,39,-39.3846,False
CYH,Hospitals,1,0.0004,1.1565,248,0.6474,0.2222,1.2162,189,-0.0169,-0.0709,39,-28.4362,False
CNC,ACA / Medicaid insurers,1,-0.0008,0.1468,248,0.5868,-0.076,-0.3981,189,-1.0251,-1.7052,39,72.6945,False
MOH,ACA / Medicaid insurers,1,-0.0013,0.1295,248,0.5245,-0.0222,-0.12,189,-0.1981,-0.4993,39,52.8361,False
OSCR,ACA / Medicaid insurers,1,0.001,1.0412,248,0.8049,-0.0701,-0.2948,189,-0.4678,-1.1333,39,63.5534,False
ELV,ACA / Medicaid insurers,1,0.0,0.164,248,0.3632,-0.1725,-1.1632,189,-0.4359,-2.5094,39,19.8346,False
FSLR,Clean energy,1,0.0017,1.0509,248,0.5905,0.1469,0.4381,189,-0.302,-0.7477,39,-82.1635,False
ENPH,Clean energy,1,-0.0027,1.0532,248,0.6758,-0.1517,-0.3679,189,-0.2371,-0.4057,39,58.4223,False
RUN,Clean energy,1,0.0042,1.5493,248,1.0888,0.1313,0.4231,189,0.3036,0.756,39,-166.2886,True
NEE,Clean energy,1,0.0006,0.349,248,0.2672,-0.1238,-1.3084,189,-0.2282,-1.968,39,-14.8354,False
SEDG,Clean energy,1,0.004,1.9712,248,1.0106,0.477,0.922,189,-0.1448,-0.2185,39,-70.6412,False
NKE,Tariff-exposed importers,1,-0.0011,1.0248,248,0.372,-0.1482,-0.964,189,-0.0818,-0.4978,39,-47.7127,False
DECK,Tariff-exposed importers,1,-0.0031,1.3127,248,0.4873,-0.011,-0.0761,189,0.3683,1.0473,39,22.49,True
HAS,Tariff-exposed importers,1,0.0011,1.0639,248,0.2865,-0.0279,-0.2308,189,-0.2396,-1.6144,39,-17.7494,False
BBY,Tariff-exposed importers,1,-0.0014,1.4112,248,0.3349,-0.085,-0.3456,189,0.2346,0.9135,39,38.463,True
DLTR,Tariff-exposed importers,1,0.0017,0.6338,248,0.4139,-0.2573,-0.8364,189,-0.3213,-0.9492,39,-33.4959,False
GEO,Immigration detention,-1,-0.0027,0.962,248,0.4422,-0.2375,-0.8666,189,-0.6887,-2.0432,39,112.0261,True
CXW,Immigration detention,-1,-0.0008,0.582,248,0.3154,-0.3518,-1.3741,189,-0.4496,-1.4551,39,64.4607,True
LMT,Defense,-1,0.0,0.1877,248,0.2619,0.0036,0.0306,189,0.2254,0.9335,39,5.1584,False
NOC,Defense,-1,0.001,0.0469,248,0.274,-0.0174,-0.1252,189,0.3571,1.6197,39,-31.9682,False
GD,Defense,-1,0.0008,0.528,248,0.1865,-0.101,-0.9262,189,-0.1811,-1.4522,39,-19.9556,True
HII,Defense,-1,0.0022,0.5667,248,0.356,0.0976,0.7103,189,0.1878,0.6994,39,-69.5635,False
LHX,Defense,-1,0.0012,0.4042,248,0.2077,0.1384,1.1559,189,0.2413,1.2998,39,-44.4376,False
XOM,Oil and gas,-1,0.0003,0.5173,248,0.2121,-0.114,-0.8706,189,-0.2594,-1.7047,39,24.8809,True
CVX,Oil and gas,-1,-0.0001,0.6539,248,0.2067,0.0026,0.0203,189,-0.0066,-0.0338,39,31.0356,True
COP,Oil and gas,-1,-0.0006,0.9728,248,0.2807,-0.0132,-0.0667,189,-0.1596,-0.6687,39,38.706,True
OXY,Oil and gas,-1,-0.0011,0.9585,248,0.3146,0.0597,0.2736,189,0.0365,0.1006,39,50.5187,False
DVN,Oil and gas,-1,-0.0002,1.2672,248,0.338,0.0597,0.2801,189,-0.2529,-1.0769,39,22.0127,True
COIN,Crypto,-1,-0.0011,2.1624,248,0.5901,0.1652,0.7663,189,0.476,1.0409,39,-2.9364,False
HOOD,Crypto,-1,0.0036,2.6061,248,0.5601,-0.0844,-0.4081,189,0.0476,0.0993,39,-83.8281,False
MSTR,Crypto,-1,-0.0031,2.0807,248,0.6349,0.1053,0.3933,189,0.5153,0.7412,39,67.1868,False
CRCL,Crypto,-1,-0.0017,3.1327,143,1.1672,0.0026,0.0067,189,0.4792,0.8992,39,43.3767,False
NUE,Domestic steel,-1,0.0007,1.1972,248,0.2879,-0.2042,-1.7499,189,-0.5268,-3.1425,39,15.0578,True
STLD,Domestic steel,-1,0.0009,1.2106,248,0.2813,-0.2553,-1.6705,189,-0.3887,-1.7885,39,1.7435,True
CLF,Domestic steel,-1,0.001,1.9902,248,0.6776,-0.3555,-1.0207,189,-0.5236,-0.9916,39,-45.2341,True
LOPE,For-profit education,-1,-0.0001,0.5867,248,0.2798,-0.0368,-0.2989,189,-0.0244,-0.1586,39,-7.8565,True
STRA,For-profit education,-1,-0.0005,0.531,248,0.2978,-0.1964,-1.0842,189,-0.159,-1.1303,39,10.4131,True
PRDO,For-profit education,-1,0.0005,0.5105,248,0.3523,-0.0845,-0.489,189,0.0803,0.3293,39,-1.8007,False
VST,AI power / data centres,-1,-0.0002,1.9509,248,0.5434,-0.0611,-0.3744,189,0.182,0.4784,39,-21.908,False
CEG,AI power / data centres,-1,0.0,1.8193,248,0.4522,0.1667,0.6874,189,-0.0946,-0.2058,39,-36.8009,True
TLN,AI power / data centres,-1,0.0019,1.5496,248,0.5277,0.2199,0.8934,189,-0.0167,-0.0464,39,-52.4029,True
PFE,Pharma (drug pricing),-1,-0.0002,0.4554,248,0.2462,-0.1148,-1.3225,189,-0.089,-0.5452,39,15.6443,True
MRK,Pharma (drug pricing),-1,0.0003,0.3844,248,0.2952,0.1229,1.1812,189,0.1017,0.5004,39,27.9826,False
BMY,Pharma (drug pricing),-1,0.0,0.2946,248,0.2829,-0.1125,-0.8742,189,-0.1123,-0.7473,39,17.6579,True
ABBV,Pharma (drug pricing),-1,0.0011,0.3929,248,0.247,-0.1044,-0.8714,189,-0.3011,-1.1728,39,-1.4335,True
